# M=1,mu=1,p=10,e=0,x=1; psi4rho=-Zinf; source_ell_max=8
# package=/Users/antares/.julia/packages/GeneralizedSasakiNakamura/iL6U6/src/GeneralizedSasakiNakamura.jl
a,r0,m,omega,L,psi4rho_real,psi4rho_imag
5.00000000000000000e-01,1.00000000000000000e+01,2,6.22611184829883271e-02,2,1.04431921600604913e-03,-2.83751738261234698e-04
5.00000000000000000e-01,1.00000000000000000e+01,2,6.22611184829883271e-02,3,2.94469401162493262e-05,-1.05492110107545645e-05
5.00000000000000000e-01,1.00000000000000000e+01,2,6.22611184829883271e-02,4,3.04632018142286320e-06,-1.28848086617687220e-06
5.00000000000000000e-01,1.00000000000000000e+01,2,6.22611184829883271e-02,5,7.86433613012721732e-08,-3.59168673139750930e-08
5.00000000000000000e-01,1.00000000000000000e+01,2,6.22611184829883271e-02,6,5.59556880683360206e-09,-2.75015074648803833e-09
5.00000000000000000e-01,1.00000000000000000e+01,2,6.22611184829883271e-02,7,1.15418909691987284e-10,-5.92977599158807246e-11
5.00000000000000000e-01,1.00000000000000000e+01,2,6.22611184829883271e-02,8,6.25404243058531178e-12,-3.37001639134371741e-12
5.00000000000000000e-01,1.00000000000000000e+01,2,6.22611184829883271e-02,9,2.06068865088562058e-14,-1.11060293887258773e-14
5.00000000000000000e-01,1.00000000000000000e+01,2,6.22611184829883271e-02,10,6.74680152628944933e-17,-3.63974717100558434e-17
5.00000000000000000e-01,1.00000000000000000e+01,2,6.22611184829883271e-02,11,1.43278265608092703e-19,-7.73065712638488668e-20
5.00000000000000000e-01,1.00000000000000000e+01,2,6.22611184829883271e-02,12,2.84102234222680246e-22,-1.53350912765631958e-22
5.00000000000000000e-01,1.00000000000000000e+01,2,6.22611184829883271e-02,13,4.38193315377185760e-25,-2.37267966989174312e-25
5.00000000000000000e-01,1.00000000000000000e+01,2,6.22611184829883271e-02,14,5.04042855552782734e-28,-2.75000092198727905e-28
5.00000000000000000e-01,1.00000000000000000e+01,2,6.22611184829883271e-02,15,-7.71433169320006952e-30,4.17307054410336340e-30
5.00000000000000000e-01,1.00000000000000000e+01,2,6.22611184829883271e-02,16,1.50084485554734501e-32,-8.14626129778558460e-33
5.00000000000000000e-01,1.00000000000000000e+01,2,6.22611184829883271e-02,17,-6.33116317121901358e-35,3.42295444330005223e-35
5.00000000000000000e-01,1.00000000000000000e+01,2,6.22611184829883271e-02,18,0.00000000000000000e+00,0.00000000000000000e+00
5.00000000000000000e-01,1.00000000000000000e+01,-2,-6.22611184829883271e-02,2,1.04431921600604848e-03,2.83751738261234590e-04
5.00000000000000000e-01,1.00000000000000000e+01,-2,-6.22611184829883271e-02,3,-2.94469401162493465e-05,-1.05492110107545442e-05
5.00000000000000000e-01,1.00000000000000000e+01,-2,-6.22611184829883271e-02,4,3.04632018142286193e-06,1.28848086617686882e-06
5.00000000000000000e-01,1.00000000000000000e+01,-2,-6.22611184829883271e-02,5,-7.86433613012722394e-08,-3.59168673139747291e-08
5.00000000000000000e-01,1.00000000000000000e+01,-2,-6.22611184829883271e-02,6,5.59556880683350197e-09,2.75015074648801186e-09
5.00000000000000000e-01,1.00000000000000000e+01,-2,-6.22611184829883271e-02,7,-1.15418909691986650e-10,-5.92977599158822627e-11
5.00000000000000000e-01,1.00000000000000000e+01,-2,-6.22611184829883271e-02,8,6.25404243058529158e-12,3.37001639134371257e-12
5.00000000000000000e-01,1.00000000000000000e+01,-2,-6.22611184829883271e-02,9,-2.06068865088561396e-14,-1.11060293887258631e-14
5.00000000000000000e-01,1.00000000000000000e+01,-2,-6.22611184829883271e-02,10,6.74680152628942837e-17,3.63974717100557756e-17
5.00000000000000000e-01,1.00000000000000000e+01,-2,-6.22611184829883271e-02,11,-1.43278265608092269e-19,-7.73065712638487343e-20
5.00000000000000000e-01,1.00000000000000000e+01,-2,-6.22611184829883271e-02,12,2.84102234222679353e-22,1.53350912765631628e-22
5.00000000000000000e-01,1.00000000000000000e+01,-2,-6.22611184829883271e-02,13,-4.38193315377184749e-25,-2.37267966989173853e-25
5.00000000000000000e-01,1.00000000000000000e+01,-2,-6.22611184829883271e-02,14,5.04042855552780492e-28,2.75000092198723331e-28
5.00000000000000000e-01,1.00000000000000000e+01,-2,-6.22611184829883271e-02,15,7.71433169320004430e-30,4.17307054410334167e-30
5.00000000000000000e-01,1.00000000000000000e+01,-2,-6.22611184829883271e-02,16,1.50084485554734035e-32,8.14626129778552986e-33
5.00000000000000000e-01,1.00000000000000000e+01,-2,-6.22611184829883271e-02,17,6.33116317121899433e-35,3.42295444330004100e-35
5.00000000000000000e-01,1.00000000000000000e+01,-2,-6.22611184829883271e-02,18,0.00000000000000000e+00,0.00000000000000000e+00
