q_r,DeltaPsi_r,psi_r,DeltaT_r,DeltaPhi_r,R,sgn_r,Kuu
0,0,0,0,0,10,0,0.0045645305570729145
0.062209755516629564,0.0017016629527687106,0.063911418469398268,4.307586394511234,-0.00099257652490142333,10.006810099961694,1,0.004549039606345273
0.12441951103325913,0.0033968765263447179,0.12781638755960384,8.6106463544616982,-0.0019814960563765832,10.027265470939293,1,0.0045028098596767091
0.18662926654988871,0.0050792142678676806,0.19170848081775638,12.904619823507288,-0.0029631128409179381,10.061441398312958,1,0.0044265649164110252
0.24883902206651826,0.0067422955179223688,0.25558131758444064,17.184879106703693,-0.003933803608921674,10.109463595310798,1,0.0043214918917873499
0.31104877758314781,0.0083798081595189162,0.31942858574266675,21.446694058564393,-0.0048899788261920459,10.171508549633963,1,0.0041892136929357537
0.37325853309977741,0.0099855311894203966,0.38324406428919783,25.685196067576001,-0.0058280939546168095,10.247803988649721,1,0.0040317513857624334
0.43546828861640696,0.011553357051842746,0.4470216456682497,29.895340415846711,-0.0067446607212289225,10.338629441770024,1,0.0038514777816556294
0.49767804413303651,0.013077313673821964,0.51075535780685843,34.071866576015346,-0.0076362583916382122,10.444316870615006,1,0.0036510636242312075
0.55988779964966606,0.014551586140811163,0.57443938579047726,38.209255987524131,-0.0084995450399860065,10.565251328022214,1,0.0034334179582449363
0.62209755516629561,0.015970537950133278,0.63806809311642887,42.301686831886371,-0.0093312688031242843,10.701871595466027,1,0.0032016244086562257
0.68430731068292516,0.017328731778995722,0.70163604246192091,46.342985302537237,-0.010128279101841766,10.854670734501831,1,0.0029588751832399897
0.74651706619955482,0.018620949702740988,0.7651380159022958,50.326572840990814,-0.010887537806687815,11.02419647088125,1,0.0027084046351555512
0.80872682171618449,0.019842212798045645,0.82856903451423014,54.245408789458423,-0.011606130320470115,11.211051309358666,1,0.0024534241830189893
0.87093657723281392,0.020987800064802001,0.89192437729761598,58.091927894053732,-0.012281276543889125,11.415892252206845,1,0.002197060288242088
0.93314633274944347,0.022053266599585272,0.95519959934902876,61.8579720865105,-0.01291034168520804,11.639429964287684,1,0.001942297037895644
0.99535608826607302,0.023034460952865096,1.018390549218938,65.534715981973008,-0.013490846869419409,11.882427191328828,1,0.0016919246833099995
1.0575658437827027,0.023927541601612933,1.0814933853843156,69.112585563942474,-0.014020479497235151,12.145696194954269,1,0.0014484952488450665
1.1197755992993321,0.024728992468646516,1.1445045917679786,72.581169595674751,-0.014497103299472538,12.430094917145819,1,0.0012142860617516886
1.1819853548159618,0.025435637420077397,1.2074209922360393,75.92912341457793,-0.014918768028193948,12.736521527425236,1,0.0009912717735442464
1.2441951103325912,0.026044653672559939,1.2702397640051513,79.14406495114423,-0.015283718722346806,13.065906937644867,1,0.00078110515679724992
1.3064048658492209,0.026553584042807162,1.3329584498920279,82.212463090999819,-0.015590404482774933,13.419204791814252,1,0.00058510667951531484
1.3686146213658503,0.026960347973018481,1.3955749693388688,85.119518898592219,-0.015837486689378299,13.797378352573052,1,0.00040426259227078332
1.43082437688248,0.02726325126757357,1.4580876281500537,87.849040782759928,-0.016023846591983443,14.201383613605001,1,0.00023923102013303279
1.4930341323991096,0.027460994478560558,1.5204951268776703,90.38331545547436,-0.016148592206171229,14.632147872037713,1,9.0355339589100924e-05
1.5552438879157393,0.027552679880530093,1.5827965677962694,92.702977572689875,-0.016211064445953927,15.090542902683419,1,-4.2316053922868001e-05
1.617453643432369,0.027537816978269826,1.6449914604106388,94.786882316422606,-0.0162108424267902,15.577351796179917,1,-0.00015900461549368756
1.6796633989489982,0.027416326495462013,1.7070797254444603,96.611986953107873,-0.016147747874999934,16.093228469454719,1,-0.00026017227456985679
1.7418731544656278,0.027188542796781616,1.7690616972624094,98.153249659455469,-0.016021848583150401,16.63864884888309,1,-0.0003464889762591286
1.8040829099822575,0.026855214701379557,1.8309381246836371,99.383556710651604,-0.015833460855423795,17.213852790361734,1,-0.00041879830649852514
1.8662926654988869,0.026417504651721487,1.8927101701506084,100.27369251946514,-0.015583150892273676,17.818775970497153,1,-0.00047808233107733998
1.9285024210155164,0.025876986208458692,1.9543794072239751,100.79237099267232,-0.015271735069798037,18.452971301706985,1,-0.00052542670667914484
1.990712176532146,0.025235639849326412,2.0159478163814724,100.90635114022038,-0.014900279076106299,19.115519941119484,1,-0.00056198702007142012
2.0529219320487759,0.024495847058010368,2.0774177791067863,100.58066460377057,-0.014470095874477003,19.804932732898926,1,-0.00058895718528149303
2.1151316875654054,0.023660382697405793,2.1387920702628112,99.778987333561759,-0.013982742471179213,20.519043998104529,1,-0.00060754058442657544
2.1773414430820348,0.022732405670710235,2.2000738487527451,98.464191331496878,-0.013440015474390006,21.254901004426415,1,-0.00061892448231558978
2.2395511985986643,0.021715447883224704,2.2612666464818889,96.599114143275969,-0.012843945439558312,22.008654219403233,1,-0.00062425808437491877
2.3017609541152941,0.020613401527565328,2.3223743556428595,94.147582185530894,-0.01219679000575744,22.775455531797771,1,-0.00062463444786402375
2.3639707096319236,0.019430504725072111,2.3834012143569958,91.07571722928347,-0.01150102583690747,23.549373893487985,1,-0.00062107630317559566
2.426180465148553,0.018171325566497601,2.4443517907150505,87.353541400830039,-0.010759339391147135,24.323340057208103,1,-0.00061452569999301385
2.4883902206651825,0.016840744605417537,2.5052309652706,82.956872978107924,-0.0099746165509669287,25.089133903643493,1,-0.00060583726614054799
2.5505999761818119,0.015443935868164171,2.5660439120499761,77.869471796166565,-0.0091499311558987679,25.837428775202017,1,-0.00059577475819437651
2.6128097316984418,0.013986346454282971,2.6267960781527249,72.085349437692884,-0.0082885324884714867,26.557906679469657,1,-0.00058501049454850378
2.6750194872150712,0.012473674811483697,2.6874931620265547,65.611108202288293,-0.0073938317727151601,27.239455601039285,1,-0.00057412719503424495
2.7372292427317007,0.010911847778632529,2.7481410905103334,58.468120003217528,-0.0064693877526172212,27.870455010025132,1,-0.00056362170697308916
2.7994389982483305,0.009306996499446326,2.8087459947477766,50.694311292336501,-0.0055188914255447242,28.439147848932269,1,-0.00055391007558339015
2.86164875376496,0.0076654313180355912,2.8693141850829957,42.345295164152411,-0.0045461500126459421,28.934087209284705,1,-0.00054533341621345894
2.9238585092815899,0.0059936157752490098,2.929852125056839,33.494599920752187,-0.0035550702545950621,29.344634626856699,1,-0.00053816406565020873
2.9860682647982193,0.0042981398317329797,2.9903664046299521,24.232794617927386,-0.0025496411266514307,29.661476130533057,1,-0.00053261152801876478
3.0482780203148487,0.0025856924497160158,3.0508637127645648,14.665409216210877,-0.0015339160718578755,29.877114004122834,1,-0.00052882778544929181
3.1104877758314786,0.00086303367058703211,3.1113508095020657,4.9096818149476817,-0.00051199485520671186,29.986288777958993,1,-0.00052691161236635643
3.1726975313481076,-0.00086303367058696413,3.1718344976775206,-4.9096818149476791,0.00051199485520676455,29.986288777958993,-1,-0.00052691161236635643
3.2349072868647379,-0.0025856924497159547,3.2323215944150219,-14.665409216210932,0.0015339160718579302,29.877114004122834,-1,-0.00052882778544929181
3.2971170423813669,-0.0042981398317329077,3.2928189025496342,-24.232794617927368,0.0025496411266514606,29.661476130533057,-1,-0.00053261152801876478
3.3593267978979964,-0.0059936157752489439,3.3533331821227472,-33.494599920752144,0.0035550702545950846,29.344634626856699,-1,-0.00053816406565020873
3.4215365534146263,-0.0076654313180355245,3.4138711220965909,-42.345295164152361,0.0045461500126459612,28.934087209284705,-1,-0.00054533341621345894
3.4837463089312557,-0.0093069964994462618,3.4744393124318096,-50.694311292336444,0.0055188914255447511,28.439147848932276,-1,-0.0005539100755833896
3.5459560644478851,-0.010911847778632459,3.5350442166692528,-58.468120003217436,0.0064693877526172516,27.870455010025136,-1,-0.00056362170697308895
3.608165819964515,-0.012473674811483626,3.5956921451530315,-65.611108202288264,0.0073938317727151913,27.239455601039289,-1,-0.00057412719503424593
3.6703755754811445,-0.0139863464542829,3.6563892290268614,-72.085349437692798,0.0082885324884715214,26.55790667946966,-1,-0.00058501049454850421
3.7325853309977739,-0.015443935868164105,3.7171413951296097,-77.869471796166451,0.0091499311558987974,25.837428775202028,-1,-0.00059577475819437727
3.7947950865144038,-0.016840744605417478,3.7779543419089863,-82.956872978107896,0.0099746165509669478,25.089133903643496,-1,-0.00060583726614054886
3.8570048420310328,-0.018171325566497532,3.8388335164645353,-87.353541400829997,0.010759339391147154,24.323340057208114,-1,-0.00061452569999301536
3.9192145975476631,-0.019430504725072042,3.8997840928225909,-91.07571722928347,0.0115010258369075,23.549373893487981,-1,-0.00062107630317559739
3.9814243530642921,-0.020613401527565266,3.9608109515367267,-94.147582185530851,0.012196790005757468,22.775455531797775,-1,-0.00062463444786402559
4.043634108580922,-0.021715447883224635,4.0219186606976978,-96.599114143275941,0.012843945439558333,22.00865421940323,-1,-0.00062425808437491898
4.1058438640975519,-0.022732405670710183,4.083111458426842,-98.464191331496892,0.013440015474390048,21.254901004426408,-1,-0.00061892448231558978
4.1680536196141809,-0.023660382697405738,4.1443932369167751,-99.778987333561744,0.013982742471179248,20.519043998104532,-1,-0.00060754058442657598
4.2302633751308107,-0.024495847058010327,4.2057675280728004,-100.58066460377053,0.014470095874477045,19.804932732898923,-1,-0.00058895718528149249
4.2924731306474397,-0.02523563984932637,4.267237490798113,-100.90635114022038,0.014900279076106322,19.115519941119494,-1,-0.00056198702007142186
4.3546828861640696,-0.025876986208458644,4.3288058999556114,-100.79237099267235,0.015271735069798072,18.452971301706985,-1,-0.00052542670667914484
4.4168926416806995,-0.026417504651721452,4.3904751370289778,-100.27369251946513,0.015583150892273712,17.818775970497153,-1,-0.00047808233107733998
4.4791023971973285,-0.026855214701379512,4.4522471824959489,-99.38355671065159,0.015833460855423837,17.213852790361738,-1,-0.00041879830649852546
4.5413121527139584,-0.027188542796781571,4.5141236099171769,-98.153249659455483,0.016021848583150422,16.638648848883093,-1,-0.00034648897625912854
4.6035219082305883,-0.027416326495461982,4.5761055817351259,-96.611986953107873,0.016147747874999969,16.093228469454722,-1,-0.00026017227456985549
4.6657316637472173,-0.027537816978269784,4.6381938467689476,-94.78688231642262,0.016210842426790217,15.577351796179917,-1,-0.00015900461549368756
4.7279414192638471,-0.027552679880530048,4.7003887393833175,-92.702977572689875,0.01621106444595392,15.090542902683415,-1,-4.2316053922870502e-05
4.790151174780477,-0.027460994478560534,4.7626901803019166,-90.383315455474374,0.016148592206171222,14.632147872037711,-1,9.0355339589103065e-05
4.852360930297106,-0.027263251267573545,4.8250976790295326,-87.849040782759943,0.016023846591983446,14.201383613605005,-1,0.00023923102013303379
4.9145706858137359,-0.02696034797301847,4.8876103378407176,-85.11951889859219,0.015837486689378295,13.797378352573052,-1,0.00040426259227078332
4.9767804413303649,-0.026553584042807134,4.9502268572875581,-82.21246309099989,0.015590404482774932,13.419204791814256,-1,0.00058510667951531072
5.0389901968469948,-0.026044653672559939,5.0129455431744345,-79.144064951144202,0.015283718722346797,13.06590693764487,-1,0.00078110515679725144
5.1011999523636238,-0.02543563742007739,5.0757643149435463,-75.929123414578015,0.01491876802819393,12.736521527425241,-1,0.00099127177354423751
5.1634097078802546,-0.024728992468646495,5.1386807154116081,-72.581169595674709,0.014497103299472515,12.430094917145816,-1,0.0012142860617516921
5.2256194633968835,-0.023927541601612919,5.2016919217952706,-69.112585563942503,0.014020479497235132,12.145696194954269,-1,0.0014484952488450665
5.2878292189135134,-0.023034460952865075,5.2647947579606482,-65.534715981973008,0.013490846869419395,11.882427191328828,-1,0.0016919246833099995
5.3500389744301424,-0.022053266599585283,5.3279857078305568,-61.857972086510529,0.012910341685208025,11.639429964287688,-1,0.0019422970378956475
5.4122487299467723,-0.020987800064802019,5.3912609298819705,-58.091927894053718,0.012281276543889103,11.415892252206845,-1,0.002197060288242088
5.4744584854634013,-0.019842212798045673,5.4546162726653558,-54.245408789458466,0.011606130320470111,11.211051309358668,-1,0.002453424183018985
5.5366682409800321,-0.018620949702740992,5.5180472912772913,-50.326572840990785,0.010887537806687792,11.024196470881249,-1,0.0027084046351555538
5.5988779964966611,-0.017328731778995729,5.5815492647176654,-46.342985302537251,0.010128279101841752,10.854670734501831,-1,0.0029588751832399897
5.6610877520132901,-0.015970537950133319,5.6451172140631565,-42.3016868318864,0.0093312688031242756,10.701871595466027,-1,0.0032016244086562257
5.7232975075299199,-0.014551586140811193,5.7087459213891085,-38.209255987524152,0.0084995450399859944,10.565251328022216,-1,0.0034334179582449355
5.7855072630465489,-0.013077313673822004,5.7724299493727269,-34.07186657601541,0.0076362583916381984,10.444316870615008,-1,0.0036510636242311893
5.8477170185631797,-0.011553357051842754,5.8361636615113373,-29.895340415846679,0.0067446607212289025,10.338629441770024,-1,0.0038514777816556294
5.9099267740798087,-0.0099855311894204227,5.8999412428903879,-25.685196067576015,0.0058280939546167913,10.247803988649723,-1,0.0040317513857624256
5.9721365295964386,-0.008379808159518937,5.96375672143692,-21.446694058564404,0.0048899788261920329,10.171508549633963,-1,0.0041892136929357537
6.0343462851130676,-0.0067422955179224061,6.0276039895951454,-17.184879106703729,0.0039338036089216766,10.109463595310798,-1,0.0043214918917873499
6.0965560406296975,-0.0050792142678677023,6.0914768263618297,-12.904619823507305,0.0029631128409179381,10.061441398312958,-1,0.0044265649164110252
6.1587657961463274,-0.0033968765263447274,6.155368919619983,-8.6106463544617,0.0019814960563765685,10.027265470939293,-1,0.0045028098596767091
6.2209755516629572,-0.0017016629527687093,6.2192738887101884,-4.3075863945112056,0.00099257652490140208,10.006810099961694,-1,0.004549039606345273
