m,z,psi0_reduced_real,psi0_reduced_imag,seed_numeric_real,seed_numeric_imag,seed_exact_real,seed_exact_imag,abs_seed_error
2,-1,58.0722485794856169,-17.5065773226698944,0.000280993874085647827,0.00091630393193447169,0.000280993873824895741,0.00091630393111731144,8.57754349861825236e-13
2,-0.982572296604548034,58.2334885051065996,-17.5440443233329688,0.000281107188142078093,0.000916608852084903791,0.000281107187881098866,0.000916608851266603503,8.58909494102757022e-13
2,-0.941976296959745496,58.663645679967992,-17.6547533737686919,0.000281372833643635408,0.000917323048012895037,0.000281372833382164821,0.000917323047192068666,8.61465495318961075e-13
2,-0.879294755323590471,59.4787087080024222,-17.8904622182491799,0.000281787663622564918,0.000918436583055389573,0.000281787663360440123,0.000918436582231033148,8.65027701041001738e-13
2,-0.796001926077712363,60.8483615449711479,-18.3266468467885737,0.000282347702058167039,0.000919936636405866695,0.000282347701795368521,0.000919936635577538945,8.69016640319034097e-13
2,-0.694051026062223242,62.9779922598393611,-19.054991691640133,0.000283046950171198246,0.000921804520305140687,0.000283046949907861693,0.000921804519473036553,8.72779141465954353e-13
2,-0.5758319602618307,66.0887351915699242,-20.1749492561730932,0.000283876887862060908,0.00092401462387549252,0.000283876887598441053,0.000924014623040318142,8.75792023806416246e-13
2,-0.444115783279002085,70.3959630983674032,-21.7847650754049376,0.000284825981674352753,0.000926533406710069703,0.000284825981410765153,0.00092653340587282103,8.77760652825259878e-13
2,-0.30198985650876492,76.0868541438716619,-23.9721586770256252,0.000285879248975543529,0.00092931854961971188,0.000285879248712240044,0.000929318548781235348,8.78846755755250252e-13
2,-0.152785515802185468,83.2969918984140634,-26.8044787080194773,0.000287017945001302396,0.000932318414032891861,0.000287017944738317992,0.000932318413193379699,8.79739431356114712e-13
2,0,92.0858158695804008,-30.3180500574961869,0.000288219437320594329,0.000935471955879062212,0.000288219437057683596,0.000935471955037849587,8.81340305084815066e-13
2,0.152785515802185468,102.411420981786065,-34.5067518471975703,0.00028945732345152101,0.000938709217613495068,0.000289457323188143203,0.000938709216769009671,8.84603558463391148e-13
2,0.30198985650876492,114.106695160686968,-39.3106113567455822,0.000290701832754612481,0.000941952486264725124,0.000290701832490004592,0.000941952485414711271,8.90247653452797305e-13
2,0.444115783279002085,126.860724870639672,-44.6062028808746476,0.000291920533539094019,0.000945118156941827914,0.000291920533272679308,0.000945118156084656484,8.97618883057749032e-13
2,0.5758319602618307,140.211110252574457,-50.2015722047626127,0.000293079341021025509,0.000948119281774770489,0.000293079340752581713,0.000948119280909965733,9.0551053931252524e-13
2,0.694051026062223242,153.553452016589773,-55.838833989239177,0.000294143792588705732,0.000950868717036843208,0.000294143792318495392,0.000950868716165489763,9.12288580728391873e-13
2,0.796001926077712363,166.173014943255026,-61.2070994337909156,0.000295080526004374958,0.000953282711604556813,0.00029508052573326988,0.000953282710729690011,9.15909321544403005e-13
2,0.879294755323590471,177.300076961441988,-65.9667724252597196,0.000295858866863459241,0.000955284715043008673,0.000295858866591923572,0.000955284714166294065,9.17801788884493963e-13
2,0.941976296959745496,186.185111968554708,-69.7836572045413845,0.000296452406453711942,0.000956809128548988925,0.000296452406181132565,0.000956809127668574802,9.21644478076396231e-13
2,0.982572296604548034,192.183707269123659,-72.3682365751114531,0.000296840415995476277,0.000957804638645156324,0.000296840415721021014,0.000957804637758445264,9.28214520613384196e-13
2,1,194.819361105175687,-73.5057239321495786,0.000297007859399709719,0.000958233997184171999,0.000297007859123901263,0.00095823399629294708,9.3292666447978817e-13
3,-1,-20.4402735711392012,-40.8260668594615623,8.48210435865713163e-05,-4.26262038780267808e-05,8.48210435912133957e-05,-4.26262038799088609e-05,5.00910434507171307e-15
3,-0.982572296604548034,-20.4322996856343302,-40.8435814644939157,8.48716406785230998e-05,-4.2654991085769363e-05,8.48716406831892891e-05,-4.26549910876612755e-05,5.03514204773228881e-15
3,-0.941976296959745496,-20.4328349609869875,-40.9137332814382191,8.49907780267337076e-05,-4.27228787969575083e-05,8.49907780314540392e-05,-4.27228787988712065e-05,5.09350287619158456e-15
3,-0.879294755323590471,-20.486189967527956,-41.1028472115815617,8.51782515153978135e-05,-4.28299920012454769e-05,8.51782515201961806e-05,-4.28299920031896005e-05,5.17725249178852735e-15
3,-0.796001926077712363,-20.6560506578211829,-41.5066287395337596,8.54340233209320002e-05,-4.29766585158143435e-05,8.54340233258227819e-05,-4.29766585177925313e-05,5.27569651205494948e-15
3,-0.694051026062223242,-21.0190987811537831,-42.2402758253342725,8.57575045344487105e-05,-4.31629644665507023e-05,8.57575045394368807e-05,-4.3162964468562209e-05,5.37847578794535631e-15
3,-0.5758319602618307,-21.6580126073857109,-43.4275826114917152,8.61471035560742928e-05,-4.33884521320811493e-05,8.61471035611560839e-05,-4.33884521341222683e-05,5.47638271809718897e-15
3,-0.444115783279002085,-22.654625387914372,-45.1899734703773319,8.65997514247553472e-05,-4.36517993712537598e-05,8.65997514299131544e-05,-4.36517993733161427e-05,5.55485362339866134e-15
3,-0.30198985650876492,-24.0833755784177477,-47.6357659111974812,8.71104460880935588e-05,-4.39505082388343978e-05,8.71104460932997079e-05,-4.39505082409072636e-05,5.60363819886213363e-15
3,-0.152785515802185468,-26.0046366580969881,-50.8492742875967778,8.76718659024117793e-05,-4.42806352220154263e-05,8.76718659076376066e-05,-4.42806352240898777e-05,5.62251015854679663e-15
3,0,-28.4572532995634901,-54.8790540217168612,8.8274101904577945e-05,-4.4636595205087634e-05,8.82741019098052496e-05,-4.46365952071612994e-05,5.62359329100007342e-15
3,0.152785515802185468,-31.4498013497611666,-59.7248711475721308,8.89045542068715852e-05,-4.50110690097242722e-05,8.89045542120989575e-05,-4.50110690118031621e-05,5.62558485501765245e-15
3,0.30198985650876492,-34.9507696031477693,-65.3239046525016533,8.95480303159721351e-05,-4.5395040120389773e-05,8.95480303212211237e-05,-4.53950401224902453e-05,5.65365948628202336e-15
3,0.444115783279002085,-38.8789171697326168,-71.5380757664756715,9.01870715743766565e-05,-4.57779793791352713e-05,9.01870715796428975e-05,-4.57779793812586542e-05,5.67820825798150762e-15
3,0.5758319602618307,-43.0962106745436273,-78.1458521144715235,9.08025175171039614e-05,-4.61481863124292831e-05,9.08025175223246524e-05,-4.61481863145451647e-05,5.63316684614336372e-15
3,0.694051026062223242,-47.4065576528050556,-84.8428110629990186,9.13742965359883334e-05,-4.6493281981642243e-05,9.13742965410733229e-05,-4.64932819837049173e-05,5.48741683699071743e-15
3,0.796001926077712363,-51.5635255678380062,-91.255021995412946,9.1882405808523909e-05,-4.68008312968182398e-05,9.18824058134665563e-05,-4.68008312988223537e-05,5.33350116777038107e-15
3,0.879294755323590471,-55.2889851729472923,-96.9674647056696557,9.230801640784539e-05,-4.70590541740039173e-05,9.23080164126740741e-05,-4.7059054175962e-05,5.21059286507936375e-15
3,0.941976296959745496,-58.3021163231692015,-101.566270719512644,9.26346140614566117e-05,-4.72575670399675912e-05,9.26346140663567312e-05,-4.72575670419696383e-05,5.29333197682826956e-15
3,0.982572296604548034,-60.354899744733352,-104.689158513697436,9.28490569036037551e-05,-4.73880763340720599e-05,9.28490569086692832e-05,-4.7388076336161575e-05,5.47956640326442936e-15
3,1,-61.261454981357339,-106.065788299163259,9.29418255573333409e-05,-4.74445752527312683e-05,9.2941825562352709e-05,-4.74445752548006036e-05,5.42919935918696215e-15
4,-1,-22.4524597522348088,16.3821609114670075,-8.67742164378494371e-06,-1.19378874129266059e-05,-8.67742164373862456e-06,-1.19378874128638628e-05,7.79882205930723326e-17
4,-0.982572296604548034,-22.4350081763096476,16.354214731692629,-8.68435307150168908e-06,-1.19466445164459173e-05,-8.68435307145637112e-06,-1.19466445163847548e-05,7.61221081181303847e-17
4,-0.941976296959745496,-22.4093061033266956,16.302925627136716,-8.70083910589511187e-06,-1.19674143417897119e-05,-8.70083910585227572e-06,-1.19674143417324017e-05,7.15499855299902229e-17
4,-0.879294755323590471,-22.4105794274647998,16.2614776872160895,-8.7272322867561087e-06,-1.20005074403729262e-05,-8.72723228671740268e-06,-1.20005074403218806e-05,6.40609741913886398e-17
4,-0.796001926077712363,-22.4890516435502974,16.2769334270580117,-8.76407800640764278e-06,-1.20464175415957653e-05,-8.76407800637475249e-06,-1.20464175415532307e-05,5.37676843591357983e-17
4,-0.694051026062223242,-22.7047055326721718,16.4053629545244632,-8.81195854588940021e-06,-1.21056446433009746e-05,-8.81195854586391976e-06,-1.21056446432687466e-05,4.10839535486743063e-17
4,-0.5758319602618307,-23.1215691560331784,16.7066177337171204,-8.87136026387672129e-06,-1.2178551918630611e-05,-8.87136026385959429e-06,-1.21785519186093386e-05,2.73102311111882652e-17
4,-0.444115783279002085,-23.8023082908506005,17.2395980931825825,-8.94253016284983607e-06,-1.22652117951512026e-05,-8.94253016284073385e-06,-1.22652117951397219e-05,1.46511588337416303e-17
4,-0.30198985650876492,-24.8032900911725918,18.0581239073829032,-9.02533319630066657e-06,-1.23652537429041392e-05,-9.02533319629759184e-06,-1.23652537428991315e-05,5.87627506186910351e-18
4,-0.152785515802185468,-26.1698064016969134,19.2069895904764714,-9.11912257635045079e-06,-1.24777275836134507e-05,-9.11912257635007471e-06,-1.24777275836100337e-05,3.43756526947920456e-18
4,0,-27.9308910876861169,20.7174956677306241,-9.22263515825557977e-06,-1.26009959232176907e-05,-9.22263515825309627e-06,-1.26009959232092915e-05,8.75865161740016813e-18
4,0.152785515802185468,-30.0932607230561722,22.6018302521519594,-9.3339236689196063e-06,-1.27326687291736388e-05,-9.33392366891257762e-06,-1.27326687291573165e-05,1.77713427739188981e-17
4,0.30198985650876492,-32.6343843467156276,24.8461628923530604,-9.45033701665816449e-06,-1.28695920465495996e-05,-9.45033701664883019e-06,-1.28695920465290895e-05,2.2534231787706204e-17
4,0.444115783279002085,-35.4954731897625209,27.4031486053578739,-9.56855865631573589e-06,-1.30079009096715025e-05,-9.56855865631456868e-06,-1.30079009096618836e-05,9.68946530821049104e-18
4,0.5758319602618307,-38.576084502601482,30.1855400218135479,-9.68471025168911956e-06,-1.31431430174079269e-05,-9.68471025170821676e-06,-1.31431430174263905e-05,2.65632951700304281e-17
4,0.694051026062223242,-41.7327399161026591,33.063448242335582,-9.79452300669432372e-06,-1.32704741590287824e-05,-9.79452300673919783e-06,-1.32704741590832873e-05,7.06007606096740986e-17
4,0.796001926077712363,-44.7840719664412532,35.8680442948716376,-9.89357178083746162e-06,-1.33849185934549867e-05,-9.89357178090016239e-06,-1.33849185935348178e-05,1.01510592889978542e-16
4,0.879294755323590471,-47.5241865119125038,38.4037417286556675,-9.97755794297784458e-06,-1.34816781812461719e-05,-9.9775579430546315e-06,-1.34816781813462234e-05,1.26121135507716188e-16
4,0.941976296959745496,-49.7440724176788009,40.4689923832860572,-1.00426170691519638e-05,-1.35564642779253416e-05,-1.00426170692323845e-05,-1.35564642780311648e-05,1.32913660090873602e-16
4,0.982572296604548034,-51.2582926817565507,41.8830409048326828,-1.00856171180918871e-05,-1.36058159277919048e-05,-1.00856171181658246e-05,-1.36058159278894135e-05,1.22371193240516587e-16
4,1,-51.927480924140653,42.509279805654117,-1.01042875183538063e-05,-1.36272254694076334e-05,-1.01042875184387383e-05,-1.3627225469520482e-05,1.41238198563030457e-16
