m,component,z,r,abs_reconstructed,abs_lie_zeta,abs_direct_sum,abs_adjusted,abs_adjusted_coefficient_1_over_r
2,nn,0.369999999999999996,20,0.0118151317922658306,0.0243487196547561846,0.0302004823001857242,0.0302004823001857277,0.474090114683600794
2,nn,0.369999999999999996,21.5955032465541947,0.00994298764065514214,0.0248288144595071487,0.0271942878364786166,0.0271942878364786166,0.474090114683600794
2,nn,0.369999999999999996,23.318288023596633,0.00912818333181751422,0.0253926421742869599,0.0245528843740800626,0.024552884374080066,0.474090114683600794
2,nn,0.369999999999999996,25.1785082358833456,0.00936844744581258673,0.0260479227897397886,0.0222243920990417773,0.0222243920990417808,0.474090114683600794
2,nn,0.369999999999999996,27.1871278175705129,0.0104278282811305929,0.026803156546258082,0.0201647905578534598,0.0201647905578534667,0.474090114683600794
2,nn,0.369999999999999996,29.3559853524413903,0.0120049245172421607,0.0276675630820073168,0.0183367607539320979,0.0183367607539320944,0.474090114683600794
2,nn,0.369999999999999996,31.6978638492222728,0.0138858725711846938,0.0286510314907281148,0.0167086819815960644,0.0167086819815960679,0.474090114683600794
2,nn,0.369999999999999996,34.2265660832356176,0.0159554502925660854,0.0297640826046947811,0.0152537650981301193,0.0152537650981301211,0.474090114683600794
2,nn,0.369999999999999996,36.9569959484458224,0.0181608903013379952,0.0310178455900903122,0.0139493063433844145,0.0139493063433844162,0.474090114683600794
2,nn,0.369999999999999996,39.9052462993775876,0.020483148617907003,0.0324240511081503036,0.0127760476101941873,0.0127760476101941873,0.474090114683600794
2,nn,0.369999999999999996,43.0886938006376781,0.022920803975531874,0.0339950429346482438,0.0117176304510784261,0.0117176304510784365,0.474090114683600794
2,nn,0.369999999999999996,46.5261013430725185,0.0254817669095127007,0.0357438091923413664,0.0107601322415404165,0.0107601322415404183,0.474090114683600794
2,nn,0.369999999999999996,50.2377286301916044,0.0281790695381431561,0.0376840334283591386,0.00989167392499536342,0.0098916739249953721,0.474090114683600794
2,nn,0.369999999999999996,54.2454515866405629,0.031028727456288957,0.0398301648566192212,0.00910208971071602667,0.0091020897107160232,0.474090114683600794
2,nn,0.369999999999999996,58.5728912925047354,0.0340486673979143728,0.0421975063441079601,0.00838265001905060675,0.00838265001905061195,0.474090114683600794
2,nn,0.369999999999999996,63.2455532033675922,0.037258216602836354,0.0448023182482506152,0.00772582987632021781,0.00772582987632021521,0.474090114683600794
2,nn,0.369999999999999996,68.2909774766720261,0.0406778958217865333,0.0476619360417965196,0.00712511584856081581,0.00712511584856082621,0.474090114683600794
2,nn,0.369999999999999996,73.7389012903915102,0.0443293802841807985,0.0507948997650255057,0.0065748454550426539,0.00657484545504265737,0.474090114683600794
2,nn,0.369999999999999996,79.6214341106994397,0.0482355555986765591,0.054221093658442146,0.00607007380468914132,0.00607007380468914566,0.474090114683600794
2,nn,0.369999999999999996,85.9732469416455416,0.0524206286348723877,0.0579618947732616005,0.00560646293903698575,0.00560646293903698748,0.474090114683600794
2,nn,0.369999999999999996,92.8317766722555717,0.0569102714221077291,0.0620403298563433694,0.00518019003617617782,0.00518019003617618563,0.474090114683600794
2,nn,0.369999999999999996,100.237446725454447,0.0617317861370853746,0.066481240300599459,0.00478787122742475434,0.00478787122742474567,0.474090114683600794
2,nn,0.369999999999999996,108.233905309292723,0.0669142849699829317,0.0713114554010696872,0.00442649830235041213,0.00442649830235039999,0.474090114683600794
2,nn,0.369999999999999996,116.868282674703536,0.0724888819694953224,0.0765599745398464065,0.00409338603111157693,0.00409338603111157866,0.474090114683600794
2,nn,0.369999999999999996,126.191468896038671,0.0784888959069156428,0.082258159234276193,0.00378612822093755746,0.0037861282209375683,0.474090114683600794
2,nn,0.369999999999999996,136.258413811592277,0.0849500643458210164,0.088439936227334065,0.00350256095208679877,0.00350256095208679704,0.474090114683600794
2,nn,0.369999999999999996,147.128450891928281,0.0919107697876141161,0.095142012987675717,0.0032407317145275818,0.0032407317145275857,0.474090114683600794
2,nn,0.369999999999999996,158.865646944856309,0.0994122791769762731,0.102404107132911495,0.00299887339662687933,0.00299887339662687586,0.474090114683600794
2,nn,0.369999999999999996,171.539179718178843,0.107498998309692034,0.110269191406359962,0.002775382267756526,0.00277538226775650562,0.474090114683600794
2,nn,0.369999999999999996,185.223745625758681,0.116218742857061783,0.11878375593674019,0.00256879925387123054,0.00256879925387122274,0.474090114683600794
2,nn,0.369999999999999996,200,0.125623027847854812,0.127998089601744719,0.00237779393409892018,0.00237779393409890717,0.474090114683600794
2,nn,0.369999999999999996,215.95503246554199,0.135767377555759794,0.137966582407869798,0.00220115079188036925,0.00220115079188036101,0.474090114683600794
2,nn,0.369999999999999996,233.182880235966337,0.146711657842946847,0.148748050896042483,0.00203775734023236947,0.00203775734023237164,0.474090114683600794
2,nn,0.369999999999999996,251.785082358833506,0.158520433118012144,0.160406088689667575,0.00188659381071360735,0.00188659381071360388,0.474090114683600794
2,nn,0.369999999999999996,271.871278175705072,0.171263350184913843,0.173009444421719311,0.00174672415253669232,0.00174672415253670902,0.474090114683600794
2,nn,0.369999999999999996,293.559853524413995,0.185015551392017613,0.18663242941255434,0.00161728813440260551,0.00161728813440257363,0.474090114683600794
2,nn,0.369999999999999996,316.978638492222672,0.199858119639240744,0.20135535762175677,0.00149749437903113985,0.00149749437903118126,0.474090114683600794
2,nn,0.369999999999999996,342.265660832356161,0.215878557968008727,0.217265020566752926,0.00138661419067232189,0.00138661419067228047,0.474090114683600794
2,nn,0.369999999999999996,369.569959484458138,0.233171306644414739,0.234455200089128346,0.00128397606044536924,0.0012839760604453894,0.474090114683600794
2,nn,0.369999999999999996,399.052462993775976,0.25183830085158615,0.253027222057513435,0.00118896075428110261,0.00118896075428107963,0.474090114683600794
2,nn,0.369999999999999996,430.886938006376624,0.271989572333755647,0.273090554324506574,0.00110099690440761252,0.00110099690440756699,0.474090114683600794
2,nn,0.369999999999999996,465.261013430725257,0.293743898582946861,0.294763452505458379,0.00101955703847203278,0.0010195570384720523,0.474090114683600794
2,nn,0.369999999999999996,502.377286301915888,0.317229503430657311,0.318173657420179834,0.000944153991090604535,0.000944153991090633808,0.474090114683600794
2,nn,0.369999999999999996,542.454515866405586,0.342584813202778782,0.34345914833613278,0.000874337651356204421,0.000874337651356162787,0.474090114683600794
2,nn,0.369999999999999996,585.728912925047098,0.369959272917681214,0.370768956474845313,0.000809692006981018071,0.000809692006981030865,0.474090114683600794
2,nn,0.369999999999999996,632.455532033675809,0.399514227356611185,0.400264043593915042,0.00074983245161784303,0.000749832451617753583,0.474090114683600794
2,nn,0.369999999999999996,682.909774766720602,0.431423872214126647,0.432118250836810658,0.000694403326730906882,0.000694403326730904389,0.474090114683600794
2,nn,0.369999999999999996,737.389012903915045,0.4658762809463185,0.466519323453907564,0.000643075673387420591,0.000643075673387364212,0.474090114683600794
2,nn,0.369999999999999996,796.214341106994652,0.503074513378297783,0.50367001744301132,0.000595545172647244975,0.000595545172647175911,0.474090114683600794
2,nn,0.369999999999999996,859.732469416455274,0.543237812612365811,0.543789294638584053,0.000551530256002313369,0.000551530256002337113,0.474090114683600794
2,nn,0.369999999999999996,928.31776672255603,0.586602897297186621,0.587113613298727466,0.000510770369628505013,0.000510770369628352683,0.474090114683600794
2,nn,0.369999999999999996,1002.37446725454447,0.633425356879087187,0.63389832180064376,0.000473024378165952603,0.000473024378165963553,0.474090114683600794
2,nn,0.369999999999999996,1082.33905309292754,0.683981158062607841,0.68441916366210831,0.000438069095404611264,0.000438069095404572883,0.474090114683600794
2,nn,0.369999999999999996,1168.68282674703505,0.738568271362097239,0.738973902761877244,0.000405697930648312105,0.000405697930648110606,0.474090114683600794
2,nn,0.369999999999999996,1261.91468896038668,0.797508427333345815,0.79788407833985675,0.000375719640751456883,0.000375719640751522423,0.474090114683600794
2,nn,0.369999999999999996,1362.58413811592209,0.861149012838068328,0.861496900122292852,0.000347957178856618456,0.000347957178856697982,0.474090114683600794
2,nn,0.369999999999999996,1471.28450891928287,0.929865118519024647,0.930187294742798265,0.000322246631758847429,0.000322246631758610477,0.474090114683600794
2,nn,0.369999999999999996,1588.6564694485628,1.00406174955445104,1.00436011552146165,0.000298436238618828649,0.000298436238618696268,0.474090114683600794
2,nn,0.369999999999999996,1715.39179718178821,1.08417621272262332,1.08445252862691799,0.000276385484431811482,0.000276385484431609116,0.474090114683600794
2,nn,0.369999999999999996,1852.23745625758647,1.1706806938462968,1.17093658968563608,0.000255964262258766859,0.000255964262258682237,0.474090114683600794
2,nn,0.369999999999999996,2000,1.26408504080873807,1.26432202602507471,0.000237052098778925543,0.000237052098779082698,0.474090114683600794
2,nm,0.369999999999999996,20,0.00970150807922926309,0.0100999654482473965,0.00802012733850811059,0.00802012733850810886,0.0696077835534481965
2,nm,0.369999999999999996,21.5955032465541947,0.00883138157093226774,0.00964427629909774334,0.00697947362005370536,0.00697947362005370362,0.0696077835534481965
2,nm,0.369999999999999996,23.318288023596633,0.00813077834363699035,0.00925120054424734446,0.00608579911801049572,0.00608579911801049485,0.0696077835534481965
2,nm,0.369999999999999996,25.1785082358833456,0.0075790469691029861,0.00891760018899561899,0.0053179641040463025,0.00531796410404630163,0.0696077835534481965
2,nm,0.369999999999999996,27.1871278175705129,0.00715804605216279963,0.00864080464727315888,0.0046578316884478407,0.00465783168844783983,0.0696077835534481965
2,nm,0.369999999999999996,29.3559853524413903,0.00685178642270362504,0.00841857837082582092,0.00408984334635713234,0.00408984334635713147,0.0696077835534481965
2,nm,0.369999999999999996,31.6978638492222728,0.00664622864556080762,0.00824909340907734913,0.00360065554901346958,0.00360065554901346915,0.0696077835534481965
2,nm,0.369999999999999996,34.2265660832356176,0.00652919693036314776,0.00813090640116252011,0.00317882869801556145,0.00317882869801556058,0.0696077835534481965
2,nm,0.369999999999999996,36.9569959484458224,0.0064903515544458704,0.00806293957567060134,0.00281456074196285815,0.00281456074196285771,0.0696077835534481965
2,nm,0.369999999999999996,39.9052462993775876,0.00652116283228531407,0.00804446539836498921,0.00249945887522025172,0.00249945887522025085,0.0696077835534481965
2,nm,0.369999999999999996,43.0886938006376781,0.00661484847099737434,0.0080750945649013077,0.00222634361246943756,0.00222634361246943756,0.0696077835534481965
2,nm,0.369999999999999996,46.5261013430725185,0.00676626168475849554,0.00815476708551996117,0.00198908032833608906,0.00198908032833608906,0.0696077835534481965
2,nm,0.369999999999999996,50.2377286301916044,0.00697173820876325744,0.00828374625284841216,0.00178243406870153302,0.0017824340687015328,0.0696077835534481965
2,nm,0.369999999999999996,54.2454515866405629,0.00722892088383548636,0.00846261532318604882,0.00160194409024602105,0.00160194409024602084,0.0696077835534481965
2,nm,0.369999999999999996,58.5728912925047354,0.00753658161967739066,0.0086922767767167175,0.00144381516997934677,0.00144381516997934786,0.0696077835534481965
2,nm,0.369999999999999996,63.2455532033675922,0.00789445617273861096,0.0089739540536581848,0.00130482324391624103,0.00130482324391624038,0.0696077835534481965
2,nm,0.369999999999999996,68.2909774766720261,0.00830310110206376045,0.00930919569198618985,0.00118223337851988621,0.00118223337851988599,0.0696077835534481965
2,nm,0.369999999999999996,73.7389012903915102,0.00876377684861937185,0.00969988181856360973,0.001073728446603544,0.00107372844660354443,0.0696077835534481965
2,nm,0.369999999999999996,79.6214341106994397,0.00927835703670597256,0.0101482329697010678,0.000977347171896542511,0.000977347171896543595,0.0696077835534481965
2,nm,0.369999999999999996,85.9732469416455416,0.00984926184050654782,0.0106568212397606041,0.000891430429541695095,0.000891430429541694336,0.0696077835534481965
2,nm,0.369999999999999996,92.8317766722555717,0.010479412235614086,0.0112285837777307915,0.000814574853968464394,0.000814574853968464611,0.0696077835534481965
2,nm,0.369999999999999996,100.237446725454447,0.0111722017408518309,0.0118668386720551383,0.000745592924030479085,0.000745592924030478868,0.0696077835534481965
2,nm,0.369999999999999996,108.233905309292723,0.0119314824988814971,0.0125753032836593334,0.000683478781502709176,0.000683478781502709501,0.0696077835534481965
2,nm,0.369999999999999996,116.868282674703536,0.0127615629999775718,0.0133581151063448134,0.000627379104965865167,0.000627379104965863649,0.0696077835534481965
2,nm,0.369999999999999996,126.191468896038671,0.01366721527049072,0.0142198552527226501,0.000576568416053782314,0.000576568416053782097,0.0696077835534481965
2,nm,0.369999999999999996,136.258413811592277,0.0146536898428270296,0.0151655746828620337,0.000530428245275035848,0.00053042824527503433,0.0696077835534481965
2,nm,0.369999999999999996,147.128450891928281,0.0157267372586473372,0.0162008233120165823,0.000488429633661816129,0.000488429633661816888,0.0696077835534481965
2,nm,0.369999999999999996,158.865646944856309,0.0168926352193114575,0.0173316821533544725,0.000450118495733689073,0.000450118495733692163,0.0696077835534481965
2,nm,0.369999999999999996,171.539179718178843,0.0181582207894681498,0.0185647986717306264,0.000415103418663032627,0.000415103418663032573,0.0696077835534481965
2,nm,0.369999999999999996,185.223745625758681,0.0195309272898610622,0.0199074255453727707,0.000383045521302455999,0.000383045521302450632,0.0696077835534481965
2,nm,0.369999999999999996,200,0.0210188256948297923,0.0213674630540754626,0.000353650043823301545,0.000353650043823299431,0.0696077835534481965
2,nm,0.369999999999999996,215.95503246554199,0.0226306704894387728,0.0229535053352739257,0.000326659383114061665,0.000326659383114059226,0.0696077835534481965
2,nm,0.369999999999999996,233.182880235966337,0.0243759500502379704,0.0246748907733702512,0.000301847330019574872,0.00030184733001957704,0.0696077835534481965
2,nm,0.369999999999999996,251.785082358833506,0.0262649417003149831,0.0265417568130780629,0.000279014301475178706,0.000279014301475180712,0.0696077835534481965
2,nm,0.369999999999999996,271.871278175705072,0.0283087716599061331,0.0285650995145116729,0.000257983393389830625,0.000257983393389830788,0.0696077835534481965
2,nm,0.369999999999999996,293.559853524413995,0.0305194801733477232,0.0307568381964532407,0.000238597108777481305,0.000238597108777480329,0.0696077835534481965
2,nm,0.369999999999999996,316.978638492222672,0.0329100921453442941,0.033129885544871257,0.000220714640315511687,0.000220714640315518301,0.0696077835534481965
2,nm,0.369999999999999996,342.265660832356161,0.0354946936672644042,0.0356982235965350725,0.000204209607526787432,0.00020420960752678941,0.0696077835534481965
2,nm,0.369999999999999996,369.569959484458138,0.0382885148595817487,0.0384769860426753332,0.000188968166503896036,0.000188968166503897201,0.0696077835534481965
2,nm,0.369999999999999996,399.052462993775976,0.0413080195012768825,0.041482547335302343,0.000174887424912294648,0.000174887424912296762,0.0696077835534481965
2,nm,0.369999999999999996,430.886938006376624,0.0445710019622210379,0.0447326191192396194,0.000161874107309771233,0.000161874107309777928,0.0696077835534481965
2,nm,0.369999999999999996,465.261013430725257,0.0480966920012312615,0.048246354556410527,0.000149843425970312065,0.00014984342597030827,0.0696077835534481965
2,nm,0.369999999999999996,502.377286301915888,0.0519058680413662862,0.0520444611556901068,0.000138718120733661372,0.000138718120733661833,0.0696077835534481965
2,nm,0.369999999999999996,542.454515866405586,0.0560209795857539578,0.0561493227719889604,0.000128427638215326936,0.000128427638215325364,0.0696077835534481965
2,nm,0.369999999999999996,585.728912925047098,0.0604662794923388411,0.0605851314924674561,0.000118907426262061501,0.000118907426262070649,0.0696077835534481965
2,nm,0.369999999999999996,632.455532033675809,0.065267966884905243,0.065378030186217892,0.000110098324048558049,0.000110098324048557629,0.0696077835534481965
2,nm,0.369999999999999996,682.909774766720602,0.0704543415410224805,0.0705562665567400077,0.000101946031866587171,0.000101946031866600737,0.0696077835534481965
2,nm,0.369999999999999996,737.389012903915045,0.0760559706656302875,0.0761503596044532105,9.4400647618032461e-05,9.44006476180210633e-05,0.0696077835534481965
2,nm,0.369999999999999996,796.214341106994652,0.0821058690322869628,0.0821932794797351068,8.74162594144396412e-05,8.74162594144504561e-05,0.0696077835534481965
2,nm,0.369999999999999996,859.732469416455274,0.0886396935531068575,0.0887206417859859042,8.09505856203446191e-05,8.09505856203216883e-05,0.0696077835534481965
2,nm,0.369999999999999996,928.31776672255603,0.0956959534236189319,0.0957709174774630106,7.49646552364908612e-05,7.49646552364843289e-05,0.0696077835534481965
2,nm,0.369999999999999996,1002.37446725454447,0.103316237080686213,0.103385659588606835,6.94225227831570153e-05,6.94225227831530444e-05,0.0696077835534481965
2,nm,0.369999999999999996,1082.33905309292754,0.111545457310814319,0.111609748130840084,6.42910128604663928e-05,6.42910128604669078e-05,0.0696077835534481965
2,nm,0.369999999999999996,1168.68282674703505,0.120432115953213806,0.120491654599945014,5.95394903900149999e-05,5.95394903899989131e-05,0.0696077835534481965
2,nm,0.369999999999999996,1261.91468896038668,0.130028589757526791,0.130083727652750364,5.51396532091828922e-05,5.51396532091794227e-05,0.0696077835534481965
2,nm,0.369999999999999996,1362.58413811592209,0.140391439080846281,0.140442501636660472,5.10653442335028203e-05,5.10653442334852087e-05,0.0696077835534481965
2,nm,0.369999999999999996,1471.28450891928287,0.151581741243305479,0.151629029790285613,4.72923808430544945e-05,4.72923808430596174e-05,0.0696077835534481965
2,nm,0.369999999999999996,1588.6564694485628,0.16366545050686826,0.163709244078863281,4.37983995110085951e-05,4.37983995109992845e-05,0.0696077835534481965
2,nm,0.369999999999999996,1715.39179718178821,0.176713786798893713,0.176754343785168744,4.05627139857546223e-05,4.05627139857481239e-05,0.0696077835534481965
2,nm,0.369999999999999996,1852.23745625758647,0.190803655471475458,0.190841215146110466,3.75661855826219822e-05,3.75661855826329801e-05,0.0696077835534481965
2,nm,0.369999999999999996,2000,0.206018100570498436,0.206052884508205636,3.47911043397630795e-05,3.47911043397469046e-05,0.0696077835534481965
2,mm,0.369999999999999996,20,0.00265955783272826644,0.00404071437083052334,0.00165242808856357233,0.0016524280885635719,0.0330485617712714397
2,mm,0.369999999999999996,21.5955032465541947,0.00254114718556743046,0.00379186277673203244,0.00153034459970478854,0.00153034459970478832,0.0330485617712714397
2,mm,0.369999999999999996,23.318288023596633,0.00243477669408477364,0.00356462532256213594,0.00141728079427736646,0.00141728079427736646,0.0330485617712714397
2,mm,0.369999999999999996,25.1785082358833456,0.00233947472395874779,0.00335750938761040759,0.00131257028659752099,0.00131257028659752055,0.0330485617712714397
2,mm,0.369999999999999996,27.1871278175705129,0.00225431705761266685,0.00316911603842000853,0.00121559592440334237,0.00121559592440334172,0.0330485617712714397
2,mm,0.369999999999999996,29.3559853524413903,0.00217842581369369738,0.00299812983029504494,0.00112578615142696812,0.0011257861514269679,0.0330485617712714397
2,mm,0.369999999999999996,31.6978638492222728,0.00211096918892855279,0.0028433095887520736,0.00104261163870455293,0.00104261163870455293,0.0330485617712714397
2,mm,0.369999999999999996,34.2265660832356176,0.00205116176974914346,0.00270348030407802347,0.000965582164769337916,0.000965582164769337591,0.0330485617712714397
2,mm,0.369999999999999996,36.9569959484458224,0.00199826514358019932,0.00257752626635526739,0.00089424372634002618,0.00089424372634002618,0.0330485617712714397
2,mm,0.369999999999999996,39.9052462993775876,0.00195158854929370295,0.00246438554005611304,0.000828175862475178087,0.000828175862475177978,0.0330485617712714397
2,mm,0.369999999999999996,43.0886938006376781,0.00191048934049136039,0.0023630458259876275,0.000766989176422478336,0.000766989176422478336,0.0330485617712714397
2,mm,0.369999999999999996,46.5261013430725185,0.00187437308749902011,0.00227254168770547578,0.000710323040556936724,0.000710323040556936507,0.0330485617712714397
2,mm,0.369999999999999996,50.2377286301916044,0.00184269320558655804,0.00219195303774860498,0.000657843470881167578,0.000657843470881167361,0.0330485617712714397
2,mm,0.369999999999999996,54.2454515866405629,0.00181495005911053186,0.00212040469785029816,0.00060924115856029787,0.000609241158560297762,0.0330485617712714397
2,mm,0.369999999999999996,58.5728912925047354,0.00179068954664475749,0.00205706677950761186,0.000564229646889575619,0.000564229646889575511,0.0330485617712714397
2,mm,0.369999999999999996,63.2455532033675922,0.00176950121583040686,0.00200115558808229435,0.000522543642949932106,0.000522543642949931889,0.0330485617712714397
2,mm,0.369999999999999996,68.2909774766720261,0.00175101598648596526,0.00195193474175998764,0.00048393745400057746,0.000483937454000577406,0.0330485617712714397
2,mm,0.369999999999999996,73.7389012903915102,0.00173490357668079046,0.00190871621714682914,0.000448183539392901277,0.000448183539392901223,0.0330485617712714397
2,mm,0.369999999999999996,79.6214341106994397,0.00172086973087170981,0.00187086108117319634,0.000415071169470814807,0.000415071169470814752,0.0330485617712714397
2,mm,0.369999999999999996,85.9732469416455416,0.00170865334459078264,0.00183777973518721481,0.000384405183553241823,0.000384405183553241769,0.0330485617712714397
2,mm,0.369999999999999996,92.8317766722555717,0.0016980235695242419,0.00180893157069194656,0.000356004839678443843,0.000356004839678443735,0.0330485617712714397
2,mm,0.369999999999999996,100.237446725454447,0.00168877696884467995,0.00178382400676191269,0.000329702749330695389,0.000329702749330695335,0.0330485617712714397
2,mm,0.369999999999999996,108.233905309292723,0.00168073477753497708,0.00176201093887343153,0.000305343890870710122,0.000305343890870710013,0.0330485617712714397
2,mm,0.369999999999999996,116.868282674703536,0.00167374030775014975,0.00174309067313689332,0.000282784695855079024,0.000282784695855079024,0.0330485617712714397
2,mm,0.369999999999999996,126.191468896038671,0.00166765652600625331,0.00172670344744492942,0.000261892202859593495,0.000261892202859593441,0.0330485617712714397
2,mm,0.369999999999999996,136.258413811592277,0.00166236381769328443,0.00171252865314904532,0.000242543273819174703,0.000242543273819174676,0.0330485617712714397
2,mm,0.369999999999999996,147.128450891928281,0.00165775794525730943,0.00170028187045700432,0.000224623868265607816,0.000224623868265607762,0.0330485617712714397
2,mm,0.369999999999999996,158.865646944856309,0.00165374819932301298,0.00168971182137252185,0.000208028371185514367,0.00020802837118551434,0.0330485617712714397
2,mm,0.369999999999999996,171.539179718178843,0.00165025573682665047,0.00168059732917416214,0.00019265897053703313,0.000192658970537033049,0.0330485617712714397
2,mm,0.369999999999999996,185.223745625758681,0.00164721209662722283,0.00167274435612187839,0.000178425080756359838,0.000178425080756359811,0.0330485617712714397
2,mm,0.369999999999999996,200,0.00164455788076802519,0.00166598317353116665,0.000165242808856357287,0.000165242808856357206,0.0330485617712714397
2,mm,0.369999999999999996,215.95503246554199,0.00164224158829205766,0.00166016570207009467,0.000153034459970478832,0.000153034459970478805,0.0330485617712714397
2,mm,0.369999999999999996,233.182880235966337,0.00164021858802394674,0.00165516304597498995,0.000141728079427736695,0.000141728079427736641,0.0330485617712714397
2,mm,0.369999999999999996,251.785082358833506,0.00163845021680673886,0.00165086323321122618,0.000131257028659752001,0.000131257028659752028,0.0330485617712714397
2,mm,0.369999999999999996,271.871278175705072,0.00163690299015182531,0.00164716916444533255,0.00012155959244033421,0.000121559592440334224,0.0330485617712714397
2,mm,0.369999999999999996,293.559853524413995,0.00163554791298835245,0.00164399676684777733,0.000112578615142696823,0.000112578615142696768,0.0330485617712714397
2,mm,0.369999999999999996,316.978638492222672,0.00163435987908060751,0.00164127334390385803,0.000104261163870455369,0.000104261163870455288,0.0330485617712714397
2,mm,0.369999999999999996,342.265660832356161,0.00163331714864061741,0.0016389361092241136,9.65582164769337293e-05,9.65582164769337699e-05,0.0330485617712714397
2,mm,0.369999999999999996,369.569959484458138,0.00163240089464276568,0.00163693089047245097,8.94243726340026099e-05,8.9424372634002637e-05,0.0330485617712714397
2,mm,0.369999999999999996,399.052462993775976,0.0016315948093089058,0.00163521098865882799,8.28175862475178331e-05,8.28175862475177788e-05,0.0330485617712714397
2,mm,0.369999999999999996,430.886938006376624,0.0016308847631505924,0.00163373617790764977,7.66989176422478905e-05,7.66989176422478499e-05,0.0330485617712714397
2,mm,0.369999999999999996,465.261013430725257,0.00163025850981393401,0.00163247183119447602,7.10323040556936616e-05,7.10323040556936345e-05,0.0330485617712714397
2,mm,0.369999999999999996,502.377286301915888,0.00162970543076356887,0.00163138815826908436,6.57843470881167849e-05,6.57843470881167442e-05,0.0330485617712714397
2,mm,0.369999999999999996,542.454515866405586,0.00162921631456199034,0.00163045954291940768,6.09241158560298019e-05,6.09241158560297816e-05,0.0330485617712714397
2,mm,0.369999999999999996,585.728912925047098,0.00162878316614903287,0.00162966396777924861,5.6422964688957585e-05,5.64229646889575714e-05,0.0330485617712714397
2,mm,0.369999999999999996,632.455532033675809,0.00162839904210625684,0.00162898251597140271,5.22543642949931971e-05,5.22543642949932038e-05,0.0330485617712714397
2,mm,0.369999999999999996,682.909774766720602,0.001628057908406227,0.00162839893995696868,4.83937454000577541e-05,4.83937454000577202e-05,0.0330485617712714397
2,mm,0.369999999999999996,737.389012903915045,0.00162775451760208936,0.00162789928899800991,4.48183539392901656e-05,4.4818353939290125e-05,0.0330485617712714397
2,mm,0.369999999999999996,796.214341106994652,0.00162748430281361555,0.00162747158761358509,4.15071169470814346e-05,4.15071169470814685e-05,0.0330485617712714397
2,mm,0.369999999999999996,859.732469416455274,0.00162724328621726951,0.00162710555830696208,3.84405183553242514e-05,3.84405183553241837e-05,0.0330485617712714397
2,mm,0.369999999999999996,928.31776672255603,0.00162702800005502584,0.00162679238265945746,3.56004839678443884e-05,3.56004839678443681e-05,0.0330485617712714397
2,mm,0.369999999999999996,1002.37446725454447,0.00162683541844449984,0.00162652449562333368,3.29702749330695267e-05,3.29702749330695402e-05,0.0330485617712714397
2,mm,0.369999999999999996,1082.33905309292754,0.00162666289850595331,0.00162629540850490616,3.05343890870710298e-05,3.05343890870709959e-05,0.0330485617712714397
2,mm,0.369999999999999996,1168.68282674703505,0.00162650812952410957,0.0016260995567139024,2.82784695855079187e-05,2.82784695855079052e-05,0.0330485617712714397
2,mm,0.369999999999999996,1261.91468896038668,0.00162636908903816954,0.00162593216887150279,2.61892202859593069e-05,2.61892202859593475e-05,0.0330485617712714397
2,mm,0.369999999999999996,1362.58413811592209,0.00162624400490536214,0.00162578915432339791,2.42543273819174554e-05,2.42543273819174825e-05,0.0330485617712714397
2,mm,0.369999999999999996,1471.28450891928287,0.001626131322514799,0.00162566700650161318,2.24623868265607897e-05,2.24623868265607762e-05,0.0330485617712714397
2,mm,0.369999999999999996,1588.6564694485628,0.00162602967644196947,0.00162556271992574867,2.08028371185514306e-05,2.08028371185514374e-05,0.0330485617712714397
2,mm,0.369999999999999996,1715.39179718178821,0.00162593786593229228,0.00162547371893625526,1.92658970537033116e-05,1.92658970537033116e-05,0.0330485617712714397
2,mm,0.369999999999999996,1852.23745625758647,0.00162585483368676256,0.00162539779651465913,1.78425080756359655e-05,1.78425080756359858e-05,0.0330485617712714397
2,mm,0.369999999999999996,2000,0.00162577964749572191,0.00162533306177303446,1.65242808856356427e-05,1.65242808856357172e-05,0.0330485617712714397
3,nn,0.369999999999999996,20,0.0107878754855902231,0.00844773630447336575,0.0179205042322996104,0.0179205042322996035,0.246135248178829674
3,nn,0.369999999999999996,21.5955032465541947,0.00895197207673066944,0.00852180518322618458,0.0159606192405404683,0.0159606192405404648,0.246135248178829674
3,nn,0.369999999999999996,23.318288023596633,0.00741387888993089248,0.00861012972400429337,0.0142569337822803077,0.0142569337822803042,0.246135248178829674
3,nn,0.369999999999999996,25.1785082358833456,0.00615744355836082315,0.00871442919274305165,0.0127722677922604642,0.0127722677922604607,0.246135248178829674
3,nn,0.369999999999999996,27.1871278175705129,0.00518168271033197896,0.00883665489416535568,0.011474918335464445,0.0114749183354644433,0.246135248178829674
3,nn,0.369999999999999996,29.3559853524413903,0.00449871224195412794,0.00897899562196440536,0.0103378895932971608,0.0103378895932971591,0.246135248178829674
3,nn,0.369999999999999996,31.6978638492222728,0.00412157264940810585,0.00914388205397878746,0.00933822512109335097,0.0093382251210933475,0.246135248178829674
3,nn,0.369999999999999996,34.2265660832356176,0.00404119547376537245,0.0093339893474231779,0.00845642812097287949,0.00845642812097287776,0.246135248178829674
3,nn,0.369999999999999996,36.9569959484458224,0.00421285834545648014,0.00955223745928696945,0.00767595801837537769,0.00767595801837537423,0.246135248178829674
3,nn,0.369999999999999996,39.9052462993775876,0.00457155894331300137,0.00980178904512040219,0.00698279367222248357,0.00698279367222248183,0.246135248178829674
3,nn,0.369999999999999996,43.0886938006376781,0.0050581389141364742,0.0100860451647017298,0.00636505513063675803,0.00636505513063675803,0.246135248178829674
3,nn,0.369999999999999996,46.5261013430725185,0.00563155073280504053,0.0104086394165351787,0.00581267703500077965,0.00581267703500077879,0.246135248178829674
3,nn,0.369999999999999996,50.2377286301916044,0.00626775076881814185,0.0107734314905517294,0.00531712765817769512,0.00531712765817769686,0.246135248178829674
3,nn,0.369999999999999996,54.2454515866405629,0.00695455162763134772,0.0111845014180162183,0.00487116822322703705,0.00487116822322703619,0.246135248178829674
3,nn,0.369999999999999996,58.5728912925047354,0.00768714250841463342,0.011646145961749798,0.00446864766317379546,0.0044686476631737946,0.246135248178829674
3,nn,0.369999999999999996,63.2455532033675922,0.00846512881014411384,0.0121628785972473247,0.00410432841057303821,0.00410432841057303821,0.246135248178829674
3,nn,0.369999999999999996,68.2909774766720261,0.00929075649741176873,0.0127394343812963773,0.00377373918964242147,0.00377373918964242104,0.246135248178829674
3,nn,0.369999999999999996,73.7389012903915102,0.0101678876132091523,0.0133807807139617371,0.00347305114844848224,0.00347305114844848354,0.246135248178829674
3,nn,0.369999999999999996,79.6214341106994397,0.0111014216907488715,0.0140921346215891787,0.00319897402532718679,0.00319897402532718636,0.246135248178829674
3,nn,0.369999999999999996,85.9732469416455416,0.0120969772777633176,0.014878986785237542,0.00294866939442164824,0.00294866939442164867,0.246135248178829674
3,nn,0.369999999999999996,92.8317766722555717,0.0131607254471060326,0.0157471321718634198,0.00271967837666181687,0.00271967837666181687,0.246135248178829674
3,nn,0.369999999999999996,100.237446725454447,0.0142993129391942361,0.0167027068419699706,0.0025098615292470732,0.00250986152924707493,0.246135248178829674
3,nn,0.369999999999999996,108.233905309292723,0.0155198388265209708,0.0177522303332694129,0.00231734893320962795,0.00231734893320962492,0.246135248178829674
3,nn,0.369999999999999996,116.868282674703536,0.0168298636299169559,0.0189026529588105993,0.00214049878053759746,0.00214049878053759659,0.246135248178829674
3,nn,0.369999999999999996,126.191468896038671,0.0182374385251069041,0.0201614073955310343,0.00197786301683434973,0.00197786301683434886,0.246135248178829674
3,nn,0.369999999999999996,136.258413811592277,0.0197511473938894212,0.0215364640499638577,0.00182815882143149409,0.00182815882143149647,0.246135248178829674
3,nn,0.369999999999999996,147.128450891928281,0.0213801575236620724,0.0230363898430958544,0.00169024490451094361,0.0016902449045109473,0.246135248178829674
3,nn,0.369999999999999996,158.865646944856309,0.0231342766007259261,0.0246704102298023684,0.00156310177144675208,0.0015631017714467523,0.246135248178829674
3,nn,0.369999999999999996,171.539179718178843,0.0250240147674139941,0.0264484744394497574,0.00144581525029084733,0.00144581525029084776,0.246135248178829674
3,nn,0.369999999999999996,185.223745625758681,0.0270606512060422022,0.0283813240797945662,0.00133756270154756791,0.00133756270154756487,0.246135248178829674
3,nn,0.369999999999999996,200,0.0292563051431788783,0.0304805653794214364,0.0012376014327242313,0.00123760143272423086,0.246135248178829674
3,nn,0.369999999999999996,215.95503246554199,0.0316240114378026488,0.0327587454530022526,0.00114525892620806306,0.00114525892620806545,0.246135248178829674
3,nn,0.369999999999999996,233.182880235966337,0.0341778010890250103,0.0352294330604490877,0.00105992456026612718,0.00105992456026612544,0.246135248178829674
3,nn,0.369999999999999996,251.785082358833506,0.0369327871118816653,0.0379073043993358103,0.00098104256165124624,0.000981042561651254913,0.246135248178829674
3,nn,0.369999999999999996,271.871278175705072,0.0399052563074345848,0.0408082345242974792,0.000908105976435826814,0.000908105976435827247,0.246135248178829674
3,nn,0.369999999999999996,293.559853524413995,0.0431127675112909226,0.0439493950319753204,0.000840651485046905946,0.000840651485046901609,0.246135248178829674
3,nn,0.369999999999999996,316.978638492222672,0.0465742569522360692,0.0473493586894629115,0.000778254919556360994,0.000778254919556363705,0.246135248178829674
3,nn,0.369999999999999996,342.265660832356161,0.0503101513960827265,0.0510282117214671399,0.000720527367374589403,0.000720527367374588536,0.246135248178829674
3,nn,0.369999999999999996,369.569959484458138,0.0543424897928987474,0.0550076745091513178,0.000667111766688359463,0.000667111766688352633,0.246135248178829674
3,nn,0.369999999999999996,399.052462993775976,0.0586950541909573645,0.0593112314938862989,0.000617679916174664122,0.000617679916174672578,0.246135248178829674
3,nn,0.369999999999999996,430.886938006376624,0.0633935107296252354,0.0639642711233674721,0.00057192983545833239,0.000571929835458328813,0.246135248178829674
3,nn,0.369999999999999996,465.261013430725257,0.0684655615770176224,0.0689942367268449736,0.000529583424075698739,0.000529583424075700691,0.246135248178829674
3,nn,0.369999999999999996,502.377286301915888,0.0739411087373225417,0.0744307892613414457,0.000490384375863740589,0.000490384375863734735,0.246135248178829674
3,nn,0.369999999999999996,542.454515866405586,0.0798524307177782833,0.0803059829322958357,0.000454096313119863233,0.000454096313119869413,0.246135248178829674
3,nn,0.369999999999999996,585.728912925047098,0.0862343731168225686,0.0866544547605389293,0.000420501110909417763,0.000420501110909416841,0.246135248178829674
3,nn,0.369999999999999996,632.455532033675809,0.0931245542733458026,0.0935136292432992428,0.000389397386800746583,0.000389397386800744143,0.246135248178829674
3,nn,0.369999999999999996,682.909774766720602,0.100563587202680424,0.100923939340443039,0.000360599135303622711,0.000360599135303618483,0.246135248178829674
3,nn,0.369999999999999996,737.389012903915045,0.108595319138400426,0.10892906510878321,0.00033393448954803593,0.000333934489548036581,0.246135248178829674
3,nn,0.369999999999999996,796.214341106994652,0.117267090100663912,0.11757619140748593,0.000309244595411441636,0.000309244595411449876,0.246135248178829674
3,nn,0.369999999999999996,859.732469416455274,0.126630012022241972,0.126916286206846696,0.0002863825854955004,0.00028638258549550555,0.246135248178829674
3,nn,0.369999999999999996,928.31776672255603,0.136739270083137854,0.137004401151554017,0.000265212642160890836,0.000265212642160907478,0.246135248178829674
3,nn,0.369999999999999996,1002.37446725454447,0.147654448034447938,0.147899996158603997,0.00024560914032445289,0.000245609140324463244,0.246135248178829674
3,nn,0.369999999999999996,1082.33905309292754,0.159439879432587389,0.159667289969974674,0.00022745586196497422,0.000227455861964996853,0.246135248178829674
3,nn,0.369999999999999996,1168.68282674703505,0.172165026856966025,0.172375638731745912,0.000210645275322171095,0.000210645275322161093,0.246135248178829674
3,nn,0.369999999999999996,1261.91468896038668,0.185904891348540047,0.186099944835421804,0.000195077872642472405,0.000195077872642496745,0.246135248178829674
3,nn,0.369999999999999996,1362.58413811592209,0.20074045448429742,0.20092109843466624,0.000180661561061112077,0.000180661561061128584,0.246135248178829674
3,nn,0.369999999999999996,1471.28450891928287,0.21675915569471027,0.216926454242530181,0.000167311101829934199,0.000167311101829982392,0.246135248178829674
3,nn,0.369999999999999996,1588.6564694485628,0.2340554076385917,0.234210346421603516,0.000154947593634298435,0.000154947593634322152,0.246135248178829674
3,nn,0.369999999999999996,1715.39179718178821,0.252731152673865644,0.252874644603585164,0.000143497996194794894,0.000143497996194796629,0.246135248178829674
3,nn,0.369999999999999996,1852.23745625758647,0.272896463704767389,0.273029354316799255,0.000132894690745090404,0.000132894690745087395,0.246135248178829674
3,nn,0.369999999999999996,2000,0.294670192947398213,0.294793265361635914,0.000123075074316144326,0.000123075074316151211,0.246135248178829674
3,nm,0.369999999999999996,20,0.00422799113237321434,0.00341165204893010415,0.00392546118418932513,0.003925461184189326,0.0270784623032664616
3,nm,0.369999999999999996,21.5955032465541947,0.00372307505376430741,0.00321164455648535654,0.00339822594359275769,0.00339822594359275856,0.0270784623032664616
3,nm,0.369999999999999996,23.318288023596633,0.00329693334457730955,0.00303146531783300395,0.00294583165943653998,0.00294583165943654085,0.0270784623032664616
3,nm,0.369999999999999996,25.1785082358833456,0.00293926031631476861,0.00286992442039450289,0.00255757477479414113,0.00255757477479414113,0.0270784623032664616
3,nm,0.369999999999999996,27.1871278175705129,0.00264125173715794911,0.00272596001258904952,0.00222427178604032343,0.00222427178604032386,0.0270784623032664616
3,nm,0.369999999999999996,29.3559853524413903,0.00239536207154272514,0.0025986294542303663,0.00193804310740073238,0.00193804310740073281,0.0270784623032664616
3,nm,0.369999999999999996,31.6978638492222728,0.00219509158541581839,0.00248710153827562961,0.00169212787319389922,0.00169212787319389922,0.0270784623032664616
3,nm,0.369999999999999996,34.2265660832356176,0.00203480490930280393,0.00239064968561004173,0.00148072529580954397,0.0014807252958095444,0.0270784623032664616
3,nm,0.369999999999999996,36.9569959484458224,0.00190958457836651807,0.00230864602775254172,0.00129885881060753786,0.00129885881060753765,0.0270784623032664616
3,nm,0.369999999999999996,39.9052462993775876,0.00181512246102325295,0.0022405563040059878,0.00114225976040565388,0.00114225976040565366,0.0270784623032664616
3,nm,0.369999999999999996,43.0886938006376781,0.00174764830771596542,0.00218593550986843519,0.00100726781588235869,0.00100726781588235869,0.0270784623032664616
3,nm,0.369999999999999996,46.5261013430725185,0.00170388907797376079,0.00214442424266147839,0.000890745706896058477,0.000890745706896058694,0.0270784623032664616
3,nm,0.369999999999999996,50.2377286301916044,0.00168104789452397374,0.0021157456984818644,0.000790006165339899322,0.000790006165339899214,0.0270784623032664616
3,nm,0.369999999999999996,54.2454515866405629,0.00167678995382852325,0.00209970328188736248,0.000702749263487076575,0.000702749263487076792,0.0270784623032664616
3,nm,0.369999999999999996,58.5728912925047354,0.00168922515179163128,0.00209617879631192111,0.000627008581984378303,0.000627008581984378303,0.0270784623032664616
3,nm,0.369999999999999996,63.2455532033675922,0.00171688206186173544,0.00210513118917751187,0.000561104865693969404,0.000561104865693969296,0.0270784623032664616
3,nm,0.369999999999999996,68.2909774766720261,0.00175867285311011334,0.00212659583112614252,0.000503606027885279673,0.000503606027885279564,0.0270784623032664616
3,nm,0.369999999999999996,73.7389012903915102,0.00181385204123763171,0.00216068431381911214,0.000453292545732500744,0.00045329254573250069,0.0270784623032664616
3,nm,0.369999999999999996,79.6214341106994397,0.00188197319145942221,0.00220758475541557933,0.000409127452569945347,0.000409127452569945185,0.0270784623032664616
3,nm,0.369999999999999996,85.9732469416455416,0.00196284734933649266,0.00226756260721445004,0.000370230273724356967,0.000370230273724356967,0.0270784623032664616
3,nm,0.369999999999999996,92.8317766722555717,0.00205650586630119845,0.00234096195908079256,0.000335854371827493993,0.000335854371827494047,0.0270784623032664616
3,nm,0.369999999999999996,100.237446725454447,0.00216316905470753055,0.00242820734523277329,0.000305367264089785216,0.000305367264089784944,0.0270784623032664616
3,nm,0.369999999999999996,108.233905309292723,0.00228322110091849903,0.00252980605578481503,0.000278233549276031469,0.000278233549276031414,0.0270784623032664616
3,nm,0.369999999999999996,116.868282674703536,0.00241719099093889219,0.00264635096317028442,0.000254000138653713125,0.000254000138653713071,0.0270784623032664616
3,nm,0.369999999999999996,126.191468896038671,0.0025657388326893937,0.00277852387624215194,0.000232283526549827813,0.000232283526549827786,0.0270784623032664616
3,nm,0.369999999999999996,136.258413811592277,0.00272964681312362536,0.00292709943850952368,0.000212758866286486594,0.000212758866286486703,0.0270784623032664616
3,nm,0.369999999999999996,147.128450891928281,0.00290981402548335343,0.00309294959064618019,0.00019515063987650321,0.000195150639876503021,0.0270784623032664616
3,nm,0.369999999999999996,158.865646944856309,0.00310725447741039967,0.00327704862113716109,0.000179224728008450199,0.000179224728008450443,0.0270784623032664616
3,nm,0.369999999999999996,171.539179718178843,0.00332309770009051519,0.00348047883274244744,0.000164781702752778353,0.000164781702752778408,0.0270784623032664616
3,nm,0.369999999999999996,185.223745625758681,0.00355859149501980537,0.00370443685638362739,0.000151651180454103688,0.000151651180454103309,0.0270784623032664616
3,nm,0.369999999999999996,200,0.00381510646370822543,0.00395024064813024895,0.000139687087117129204,0.000139687087117129258,0.0270784623032664616
3,nm,0.369999999999999996,215.95503246554199,0.0040941420600993355,0.0042193372092073347,0.000128763703420277159,0.000128763703420276806,0.0270784623032664616
3,nm,0.369999999999999996,233.182880235966337,0.00439733398393481016,0.00451331107339449002,0.000118772371174120418,0.000118772371174120093,0.0270784623032664616
3,nm,0.369999999999999996,251.785082358833506,0.0047264627965578716,0.00483389361087086054,0.000109618757313361184,0.000109618757313360778,0.0270784623032664616
3,nm,0.369999999999999996,271.871278175705072,0.00508346369075178897,0.0051829732025101263,0.000101220585078717377,0.000101220585078717879,0.0270784623032664616
3,nm,0.369999999999999996,293.559853524413995,0.00547043738553624689,0.00556260634387851453,9.35057546599436871e-05,9.35057546599430637e-05,0.0270784623032664616
3,nm,0.369999999999999996,316.978638492222672,0.00588966214771211895,0.00597502974376970617,8.64107870595564117e-05,8.64107870595559781e-05,0.0270784623032664616
3,nm,0.369999999999999996,342.265660832356161,0.00634360696639599958,0.00642267348805947852,7.98795352064430328e-05,7.98795352064437511e-05,0.0270784623032664616
3,nm,0.369999999999999996,369.569959484458138,0.00683494592651716099,0.0069081753460162286,7.38621153793565056e-05,7.38621153793563837e-05,0.0270784623032664616
3,nm,0.369999999999999996,399.052462993775976,0.00736657384362229394,0.00743439630300128489,6.83140198296384977e-05,6.83140198296385654e-05,0.0270784623032664616
3,nm,0.369999999999999996,430.886938006376624,0.0079416232364083704,0.00800443741077590427,6.31953781972889638e-05,6.31953781972891264e-05,0.0270784623032664616
3,nm,0.369999999999999996,465.261013430725257,0.00856348272599632282,0.00862165805444490251,5.84703409959611847e-05,5.84703409959618826e-05,0.0270784623032664616
3,nm,0.369999999999999996,502.377286301915888,0.00923581696268587632,0.00928969574345664233,5.41065632138593936e-05,5.41065632138582959e-05,0.0270784623032664616
3,nm,0.369999999999999996,542.454515866405586,0.00996258819226380175,0.0100124875430965838,5.007477005387766e-05,5.00747700538771179e-05,0.0270784623032664616
3,nm,0.369999999999999996,585.728912925047098,0.0107480795852290586,0.0107942932726099571,4.63483901289414108e-05,4.63483901289418851e-05,0.0270784623032664616
3,nm,0.369999999999999996,632.455532033675809,0.0115969204638241685,0.0116397206065272374,4.29032441399121838e-05,4.29032441399120482e-05,0.0270784623032664616
3,nm,0.369999999999999996,682.909774766720602,0.0125141135737367494,0.0125537522270048989,3.97172792863235933e-05,3.97172792863232884e-05,0.0270784623032664616
3,nm,0.369999999999999996,737.389012903915045,0.0135050645599349185,0.0135417751871014687,3.67703414756172684e-05,3.67703414756172413e-05,0.0270784623032664616
3,nm,0.369999999999999996,796.214341106994652,0.0145756138194717989,0.0146096126579558297,3.40439788746694583e-05,3.40439788746681979e-05,0.0270784623032664616
3,nm,0.369999999999999996,859.732469416455274,0.0157320709183679554,0.0157635582468988282,3.15212715480284194e-05,3.1521271548027403e-05,0.0270784623032664616
3,nm,0.369999999999999996,928.31776672255603,0.0169812517749771234,0.0170104130886943698,2.91866829006754933e-05,2.9186682900675534e-05,0.0270784623032664616
3,nm,0.369999999999999996,1002.37446725454447,0.0183305188286730682,0.0183575259284601416,2.7025929431148919e-05,2.7025929431149722e-05,0.0270784623032664616
3,nm,0.369999999999999996,1082.33905309292754,0.0197878244303804456,0.019812836432460245,2.50258659384100498e-05,2.50258659384095517e-05,0.0270784623032664616
3,nm,0.369999999999999996,1168.68282674703505,0.0213617577105235171,0.021384921981993394,2.31743838412845782e-05,2.31743838412848323e-05,0.0270784623032664616
3,nm,0.369999999999999996,1261.91468896038668,0.0230615952005068028,0.0230830482261365176,2.14603206861692711e-05,2.14603206861668791e-05,0.0270784623032664616
3,nm,0.369999999999999996,1362.58413811592209,0.0248973555059951203,0.0249172236912626015,1.98733792557950166e-05,1.98733792557974696e-05,0.0270784623032664616
3,nm,0.369999999999999996,1471.28450891928287,0.0268798583541643155,0.0268982587691673387,1.84040549650182024e-05,1.84040549650197677e-05,0.0270784623032664616
3,nm,0.369999999999999996,1588.6564694485628,0.0290207883628889156,0.0290378294314492039,1.70435704506799311e-05,1.70435704506832277e-05,0.0270784623032664616
3,nm,0.369999999999999996,1715.39179718178821,0.0313327639076762254,0.0313485460456483581,1.57838164426277155e-05,1.57838164426274681e-05,0.0270784623032664616
3,nm,0.369999999999999996,1852.23745625758647,0.0338294114922093395,0.0338440276987205177,1.46172981489378614e-05,1.46172981489378208e-05,0.0270784623032664616
3,nm,0.369999999999999996,2000,0.0365254460608067863,0.0365389824658854667,1.35370865079975658e-05,1.35370865080016146e-05,0.0270784623032664616
3,mm,0.369999999999999996,20,0.000752120317758918247,0.00121836752333056241,0.00051541817704857005,0.00051541817704857005,0.0103083635409714006
3,mm,0.369999999999999996,21.5955032465541947,0.000711782182910992447,0.00113757509988921175,0.000477338426582683026,0.000477338426582682917,0.0103083635409714006
3,mm,0.369999999999999996,23.318288023596633,0.000675244440425724402,0.00106340542399033667,0.000442072056513753806,0.00044207205651375386,0.0103083635409714006
3,mm,0.369999999999999996,25.1785082358833456,0.000642230008908376351,0.000995401801230992285,0.000409411210719797935,0.000409411210719797826,0.0103083635409714006
3,mm,0.369999999999999996,27.1871278175705129,0.000612475951294070122,0.000933140015098156612,0.000379163389753488505,0.000379163389753488613,0.0103083635409714006
3,mm,0.369999999999999996,29.3559853524413903,0.000585732194315650425,0.000876225262043168747,0.000351150316271502962,0.000351150316271502908,0.0103083635409714006
3,mm,0.369999999999999996,31.6978638492222728,0.000561760565261662363,0.000824289248274127245,0.000325206884287387865,0.000325206884287387811,0.0103083635409714006
3,mm,0.369999999999999996,34.2265660832356176,0.000540334138584823366,0.000776987457454307649,0.000301180186054963387,0.000301180186054963333,0.0103083635409714006
3,mm,0.369999999999999996,36.9569959484458224,0.000521236866809117656,0.000733996606852759231,0.000278928610846816011,0.000278928610846816011,0.0103083635409714006
3,mm,0.369999999999999996,39.9052462993775876,0.000504263452449453032,0.000695012316892157215,0.00025832101031618448,0.00025832101031618448,0.0103083635409714006
3,mm,0.369999999999999996,43.0886938006376781,0.000489219403085585031,0.000659747024199947734,0.000239235925522969674,0.000239235925522969647,0.0103083635409714006
3,mm,0.369999999999999996,46.5261013430725185,0.000475921202687566627,0.000627928169809094014,0.000221560871068047431,0.000221560871068047458,0.0103083635409714006
3,mm,0.369999999999999996,50.2377286301916044,0.000464196530170509652,0.000599296690872687214,0.000205191672116647732,0.000205191672116647678,0.0103083635409714006
3,mm,0.369999999999999996,54.2454515866405629,0.00045388446108618046,0.000573605835490031577,0.000190031850403290224,0.000190031850403290197,0.0103083635409714006
3,mm,0.369999999999999996,58.5728912925047354,0.000444835599222925652,0.000550620306206877057,0.000175992055599456278,0.000175992055599456251,0.0103083635409714006
3,mm,0.369999999999999996,63.2455532033675922,0.000436912099671741367,0.000530115719740337048,0.00016298953869254033,0.00016298953869254033,0.0103083635409714006
3,mm,0.369999999999999996,68.2909774766720261,0.000429987561235115675,0.000511878350793201135,0.000150947664272234349,0.000150947664272234241,0.0103083635409714006
3,mm,0.369999999999999996,73.7389012903915102,0.000423946781663911356,0.000495705109410361018,0.000139795458849813735,0.000139795458849813708,0.0103083635409714006
3,mm,0.369999999999999996,79.6214341106994397,0.000418685382399704967,0.000481403687170463203,0.000129467192548170603,0.000129467192548170576,0.0103083635409714006
3,mm,0.369999999999999996,85.9732469416455416,0.000414109319290086411,0.000468792799919301581,0.000119901991697117359,0.000119901991697117318,0.0103083635409714006
3,mm,0.369999999999999996,92.8317766722555717,0.000410134301855163248,0.000457702454854087436,0.000111043480050643456,0.000111043480050643456,0.0103083635409714006
3,mm,0.369999999999999996,100.237446725454447,0.000406685146396641066,0.00044797417724532423,0.000102839446511497002,0.000102839446511496975,0.0103083635409714006
3,mm,0.369999999999999996,108.233905309292723,0.000403695088188070321,0.000439461145347856566,9.52415374046966762e-05,9.52415374046966626e-05,0.0103083635409714006
3,mm,0.369999999999999996,116.868282674703536,0.000401105075944103236,0.000432028198707200316,8.82049714862685849e-05,8.82049714862685714e-05,0.0103083635409714006
3,mm,0.369999999999999996,126.191468896038671,0.000398863068503576353,0.000425551702502905652,8.16882760074995649e-05,8.16882760074995513e-05,0.0103083635409714006
3,mm,0.369999999999999996,136.258413811592277,0.000396923349829935563,0.000419919266511986893,7.56530422790993319e-05,7.56530422790993183e-05,0.0103083635409714006
3,mm,0.369999999999999996,147.128450891928281,0.000395245874530445959,0.000415029330135063953,7.0063699294593338e-05,7.00636992945932974e-05,0.0103083635409714006
3,mm,0.369999999999999996,158.865646944856309,0.000393795652459287288,0.000410790633927111124,6.48873040787070017e-05,6.48873040787070017e-05,0.0103083635409714006
3,mm,0.369999999999999996,171.539179718178843,0.000392542177794675206,0.000407121603164096286,6.00933475250784189e-05,6.00933475250783986e-05,0.0103083635409714006
3,mm,0.369999999999999996,185.223745625758681,0.000391458905352367963,0.000403949670635971362,5.56535745789272268e-05,5.56535745789271929e-05,0.0103083635409714006
3,mm,0.369999999999999996,200,0.000390522774825791824,0.000401210564858129985,5.15418177048570389e-05,5.15418177048569982e-05,0.0103083635409714006
3,mm,0.369999999999999996,215.95503246554199,0.000389713782086411557,0.00039884758709420173,4.77338426582683229e-05,4.77338426582682822e-05,0.0103083635409714006
3,mm,0.369999999999999996,233.182880235966337,0.000389014595570631901,0.000396810896774161539,4.42072056513753901e-05,4.42072056513753833e-05,0.0103083635409714006
3,mm,0.369999999999999996,251.785082358833506,0.000388410215045198665,0.000395056820715420612,4.09411210719797935e-05,4.09411210719797731e-05,0.0103083635409714006
3,mm,0.369999999999999996,271.871278175705072,0.000387887669606016368,0.000393547197475358553,3.79163389753488898e-05,3.79163389753488694e-05,0.0103083635409714006
3,mm,0.369999999999999996,293.559853524413995,0.000387435751556351596,0.000392248764477211775,3.51150316271503057e-05,3.51150316271502786e-05,0.0103083635409714006
3,mm,0.369999999999999996,316.978638492222672,0.000387044782769924091,0.000391132592412928427,3.25206884287388068e-05,3.25206884287387865e-05,0.0103083635409714006
3,mm,0.369999999999999996,342.265660832356161,0.000386706410223167725,0.000390173568888080259,3.01180186054963333e-05,3.01180186054963333e-05,0.0103083635409714006
3,mm,0.369999999999999996,369.569959484458138,0.000386413427539747747,0.000389349931317168013,2.78928610846816126e-05,2.78928610846816092e-05,0.0103083635409714006
3,mm,0.369999999999999996,399.052462993775976,0.00038615961959894725,0.00038864284764372276,2.58321010316184683e-05,2.58321010316184446e-05,0.0103083635409714006
3,mm,0.369999999999999996,430.886938006376624,0.000385939627495074204,0.000388036042470074356,2.39235925522969884e-05,2.39235925522969783e-05,0.0103083635409714006
3,mm,0.369999999999999996,465.261013430725257,0.000385748831381072486,0.000387515465553309071,2.21560871068047566e-05,2.21560871068047431e-05,0.0103083635409714006
3,mm,0.369999999999999996,502.377286301915888,0.000385583248974459862,0.000387068999277770192,2.051916721166478e-05,2.05191672116647766e-05,0.0103083635409714006
3,mm,0.369999999999999996,542.454515866405586,0.000385439447739760585,0.000386686201580583027,1.90031850403290413e-05,1.90031850403290244e-05,0.0103083635409714006
3,mm,0.369999999999999996,585.728912925047098,0.000385314468983836023,0.000386358080826250535,1.75992055599456644e-05,1.75992055599456339e-05,0.0103083635409714006
3,mm,0.369999999999999996,632.455532033675809,0.000385205762306115485,0.000386076899251775753,1.62989538692540662e-05,1.62989538692540358e-05,0.0103083635409714006
3,mm,0.369999999999999996,682.909774766720602,0.000385111129033398705,0.000385836001797728386,1.5094766427223439e-05,1.50947664272234187e-05,0.0103083635409714006
3,mm,0.369999999999999996,737.389012903915045,0.000385028673438396344,0.00038562966737490167,1.39795458849813924e-05,1.39795458849813704e-05,0.0103083635409714006
3,mm,0.369999999999999996,796.214341106994652,0.000384956760692954528,0.000385452979869844818,1.29467192548170597e-05,1.29467192548170512e-05,0.0103083635409714006
3,mm,0.369999999999999996,859.732469416455274,0.000384893980641897631,0.00038530171645074151,1.19901991697117447e-05,1.19901991697117328e-05,0.0103083635409714006
3,mm,0.369999999999999996,928.31776672255603,0.000384839116602795717,0.000385172250987635709,1.11043480050643721e-05,1.11043480050643416e-05,0.0103083635409714006
3,mm,0.369999999999999996,1002.37446725454447,0.00038479111850203766,0.000385061470641244257,1.02839446511497141e-05,1.02839446511496972e-05,0.0103083635409714006
3,mm,0.369999999999999996,1082.33905309292754,0.000384749079749720701,0.000384966703898520079,9.52415374046968625e-06,9.52415374046966253e-06,0.0103083635409714006
3,mm,0.369999999999999996,1168.68282674703505,0.000384712217336383698,0.000384885658538670764,8.8204971486268856e-06,8.82049714862685849e-06,0.0103083635409714006
3,mm,0.369999999999999996,1261.91468896038668,0.000384679854704791555,0.000384816368199728529,8.16882760074997207e-06,8.16882760074995513e-06,0.0103083635409714006
3,mm,0.369999999999999996,1362.58413811592209,0.000384651407011002606,0.000384757146383203792,7.56530422790994758e-06,7.56530422790993403e-06,0.0103083635409714006
3,mm,0.369999999999999996,1471.28450891928287,0.00038462636844191657,0.000384706546883609103,7.00636992945934854e-06,7.00636992945932906e-06,0.0103083635409714006
3,mm,0.369999999999999996,1588.6564694485628,0.000384604301302394363,0.000384663329761853498,6.48873040787072541e-06,6.4887304078707e-06,0.0103083635409714006
3,mm,0.369999999999999996,1715.39179718178821,0.000384584826624750735,0.000384626432098033135,6.00933475250785392e-06,6.00933475250783952e-06,0.0103083635409714006
3,mm,0.369999999999999996,1852.23745625758647,0.000384567616087742772,0.000384594942861401297,5.56535745789274843e-06,5.56535745789271963e-06,0.0103083635409714006
3,mm,0.369999999999999996,2000,0.000384552385061806849,0.000384568081324723494,5.15418177048570931e-06,5.15418177048569914e-06,0.0103083635409714006
