ell,m,omega_helical,omega_detuned,abs_u_dot_zeta_helical,lie_uu_helical_real,lie_uu_helical_imag,abs_lie_uu_helical,abs_lie_uu_detuned,abs_lie_uu_detuned_expected
2,-2,-0.0632455532033675827,-0.0592455532033675791,0.362969595412236168,0,0,0,0.0030392791616751587,0.0030392791616751561
2,-1,-0.0316227766016837913,-0.0276227766016837913,0.000875397186063826761,0,0,0,5.57922441923038327e-06,5.57922441923038327e-06
2,1,0.0316227766016837913,0.0356227766016837949,0.000875397186063826761,0,0,0,1.19646560712855293e-05,1.19646560712855191e-05
2,2,0.0632455532033675827,0.0672455532033675862,0.362969595412236168,0,0,0,0.00393213670143271153,0.00393213670143270806
3,-3,-0.094868329805051374,-0.0908683298050513705,0.0773362162280888943,0,0,0,0.000677815774953817495,0.000677815774953816953
3,-2,-0.0632455532033675827,-0.0592455532033675791,0.000129043048608839736,0,0,0,1.01427331487847433e-06,1.01427331487847327e-06
3,-1,-0.0316227766016837913,-0.0276227766016837913,0.00166126840889865954,0,0,0,1.21167904234264627e-05,1.21167904234264644e-05
3,1,0.0316227766016837913,0.0356227766016837949,0.00166126840889865954,0,0,0,2.01642445967673182e-05,2.01642445967672979e-05
3,2,0.0632455532033675827,0.0672455532033675862,0.000129043048608839736,0,0,0,1.4831123111787228e-06,1.48311231117872132e-06
3,3,0.094868329805051374,0.0988683298050513776,0.0773362162280888943,0,0,0,0.000803909915582869507,0.000803909915582868857
4,-4,-0.126491106406735165,-0.122491106406735162,0.0223588905664078297,0,0,0,0.000200391766588125348,0.000200391766588125186
4,-3,-0.094868329805051374,-0.0908683298050513705,2.34260224475032499e-05,-0,0,0,1.96840179914052889e-07,1.9684017991405273e-07
4,-2,-0.0632455532033675827,-0.0592455532033675791,0.00078463540538236743,0,0,0,6.58204431455250971e-06,6.58204431455250378e-06
4,-1,-0.0316227766016837913,-0.0276227766016837913,1.08225370277247089e-07,-0,0,0,6.89718944605377697e-10,6.89718944605377697e-10
4,1,0.0316227766016837913,0.0356227766016837949,1.08225370277246996e-07,0,-0,0,1.47928965303902834e-09,1.4792896530390271e-09
4,2,0.0632455532033675827,0.0672455532033675862,0.00078463540538236743,0,0,0,8.48363942910584202e-06,8.48363942910583355e-06
4,3,0.094868329805051374,0.0988683298050513776,2.34260224475032499e-05,0,-0,0,2.5354028657114141e-07,2.53540286571141145e-07
4,4,0.126491106406735165,0.130491106406735169,0.0223588905664078297,0,0,0,0.000227635460013907837,0.000227635460013907647
5,-5,-0.158113883008418943,-0.154113883008418939,0.00729580420941382951,-1.78035841431072028e-19,1.63960848150057219e-19,2.42032891484103753e-19,6.62587283613426354e-05,6.62587283613423508e-05
5,-4,-0.126491106406735165,-0.122491106406735162,4.94497059014034184e-06,0,0,0,4.29376692819105915e-08,4.29376692819105585e-08
5,-3,-0.094868329805051374,-0.0908683298050513705,0.000311184003020985366,-0,0,0,2.72943175622478525e-06,2.72943175622478314e-06
5,-2,-0.0632455532033675827,-0.0592455532033675791,9.13017980408680305e-08,0,0,0,7.17625117339401899e-10,7.17625117339401175e-10
5,-1,-0.0316227766016837913,-0.0276227766016837913,9.79895802315122248e-07,-0,0,0,7.14880743803423507e-09,7.14880743803423424e-09
5,1,0.0316227766016837913,0.0356227766016837949,9.79895802315120554e-07,0,-0,0,1.18905331302259708e-08,1.18905331302259609e-08
5,2,0.0632455532033675827,0.0672455532033675862,9.13017980408680305e-08,0,0,0,1.04935147232296577e-09,1.04935147232296473e-09
5,3,0.094868329805051374,0.0988683298050513776,0.000311184003020985311,0,-0,0,3.2322255495289225e-06,3.23222554952891954e-06
5,4,0.126491106406735165,0.130491106406735169,4.94497059014034184e-06,0,0,0,5.19119514769358269e-08,5.19119514769357805e-08
5,5,0.158113883008418943,0.162113883008418946,0.00729580420941382951,-1.78035841431072028e-19,-1.63960848150057219e-19,2.42032891484103753e-19,7.33553875692693531e-05,7.33553875692695293e-05
6,-6,-0.189736659610102748,-0.185736659610102744,0.0025411267510854498,0,0,0,2.32803098179394079e-05,2.32803098179393909e-05
6,-5,-0.158113883008418943,-0.154113883008418939,1.16160730303959746e-06,2.42909051965652287e-23,-2.99154414023822597e-23,3.85354604172298199e-23,1.02852678056315483e-08,1.02852678056315053e-08
6,-4,-0.126491106406735165,-0.122491106406735162,0.00011988090025578974,0,0,0,1.07481228063084064e-06,1.07481228063083958e-06
6,-3,-0.094868329805051374,-0.0908683298050513705,3.96549578826585603e-08,0,0,0,3.33205644021468515e-10,3.33205644021468204e-10
6,-2,-0.0632455532033675827,-0.0592455532033675791,1.42031128389978419e-06,0,0,0,1.19166071044370669e-08,1.1916607104437057e-08
6,-1,-0.0316227766016837913,-0.0276227766016837913,1.72023039828531483e-11,0,0,0,1.09630042722405181e-13,1.09630042722405193e-13
6,1,0.0316227766016837913,0.0356227766016837949,1.7202303982853116e-11,0,0,0,2.35131535990327687e-13,2.35131535990327485e-13
6,2,0.0632455532033675827,0.0672455532033675862,1.42031128389978419e-06,0,0,0,1.5353825704984374e-08,1.53538257049843575e-08
6,3,0.094868329805051374,0.0988683298050513776,3.96549578826585603e-08,0,0,0,4.29186716079747899e-10,4.29186716079747485e-10
6,4,0.126491106406735165,0.130491106406735169,0.00011988090025578997,0,0,0,1.22006174805737348e-06,1.22006174805737221e-06
6,5,0.158113883008418943,0.162113883008418946,1.16160730303959746e-06,2.42909051965652287e-23,2.99154414023822597e-23,3.85354604172298199e-23,1.19715637964123716e-08,1.19715637964124014e-08
6,6,0.189736659610102748,0.193736659610102752,0.0025411267510854498,0,0,0,2.53373516460113494e-05,2.53373516460113257e-05
7,-7,-0.221359436211786553,-0.21735943621178655,0.000924235160722457509,-3.05617197873771813e-20,-2.46310859999709754e-21,3.06608157154623267e-20,8.51995078326798983e-06,8.51995078326801185e-06
7,-6,-0.189736659610102748,-0.185736659610102744,2.956567056618068e-07,-0,0,0,2.65196538847550348e-09,2.65196538847550141e-09
7,-5,-0.158113883008418943,-0.154113883008418939,4.61062852895578556e-05,1.14676734496464251e-21,-1.01213773360658777e-21,1.52954180566192285e-21,4.18804047003801624e-07,4.18804047003799771e-07
7,-4,-0.126491106406735165,-0.122491106406735162,1.4338236733209735e-08,0,0,0,1.24500305965014052e-10,1.24500305965013949e-10
7,-3,-0.094868329805051374,-0.0908683298050513705,9.71645656059015922e-07,0,0,0,8.52337015539515087e-09,8.5233701553951426e-09
7,-2,-0.0632455532033675827,-0.0592455532033675791,5.5054000551332902e-11,0,0,0,4.32720174275982651e-13,4.32720174275982298e-13
7,-1,-0.0316227766016837913,-0.0276227766016837913,3.56119680986075213e-10,0,0,0,2.59815577138749536e-12,2.59815577138749536e-12
7,1,0.0316227766016837913,0.0356227766016837949,3.56119680986075213e-10,0,0,0,4.32115425554690199e-12,4.32115425554689875e-12
7,2,0.0632455532033675827,0.0672455532033675862,5.50540005513329472e-11,0,0,0,6.32747694509411565e-13,6.32747694509410959e-13
7,3,0.094868329805051374,0.0988683298050513776,9.71645656059017405e-07,0,0,0,1.00911752749865683e-08,1.009117527498656e-08
7,4,0.126491106406735165,0.130491106406735169,1.43382367332097631e-08,0,0,0,1.50521824162154807e-10,1.50521824162154704e-10
7,5,0.158113883008418943,0.162113883008418946,4.61062852895580182e-05,1.14676734496464646e-21,1.01213773360659172e-21,1.52954180566192849e-21,4.63485467311868105e-07,4.63485467311869323e-07
7,6,0.189736659610102748,0.193736659610102752,2.956567056618068e-07,0,-0,0,3.00961096879345853e-09,3.00961096879345605e-09
7,7,0.221359436211786553,0.225359436211786557,0.000924235160722457509,-3.05617197873771813e-20,2.46310859999709754e-21,3.06608157154623267e-20,9.16066520796390646e-06,9.16066520796386581e-06
8,-8,-0.252982212813470331,-0.248982212813470327,0.000348129368108143983,-0,0,0,3.22407676189850804e-06,3.22407676189850508e-06
8,-7,-0.221359436211786553,-0.21735943621178655,8.02684202296560457e-08,2.66262192395459505e-24,-3.44891960107034986e-26,2.66284528551043174e-24,7.26652988045709857e-10,7.26652988045711822e-10
8,-6,-0.189736659610102748,-0.185736659610102744,1.78463664955344194e-05,-0,0,0,1.63515473311150156e-07,1.63515473311149997e-07
8,-5,-0.158113883008418943,-0.154113883008418939,4.86973349207228713e-09,-1.13605811972796335e-25,1.14856675484844781e-25,1.61549795473189306e-25,4.31182811437743222e-11,4.31182811437741348e-11
8,-4,-0.126491106406735165,-0.122491106406735162,5.19918211862377884e-07,0,0,0,4.6617474385997856e-09,4.66174743859978146e-09
8,-3,-0.094868329805051374,-0.0908683298050513705,4.94187069130120379e-11,-0,0,0,4.15246727976952494e-13,4.15246727976952242e-13
8,-2,-0.0632455532033675827,-0.0592455532033675791,1.62415445145476109e-09,0,0,0,1.36273607070003655e-11,1.36273607070003526e-11
8,-1,-0.0316227766016837913,-0.0276227766016837913,2.24860541587302616e-15,-0,0,0,1.43303307164143101e-17,1.43303307164143101e-17
8,1,0.0316227766016837913,0.0356227766016837949,2.24860541587302616e-15,0,-0,0,3.07353045410139433e-17,3.07353045410139187e-17
8,2,0.0632455532033675827,0.0672455532033675862,1.62415445145476109e-09,0,0,0,1.75567466638444375e-11,1.75567466638444213e-11
8,3,0.094868329805051374,0.0988683298050513776,4.94187069130120379e-11,0,-0,0,5.34860063175044044e-13,5.3486006317504354e-13
8,4,0.126491106406735165,0.130491106406735169,5.1991821186237979e-07,0,0,0,5.29096341343078597e-09,5.290963413430781e-09
8,5,0.158113883008418943,0.162113883008418946,4.86973349207228713e-09,-1.13605811972796335e-25,-1.14856675484844781e-25,1.61549795473189306e-25,5.01876394939445283e-11,5.0187639493944664e-11
8,6,0.189736659610102748,0.193736659610102752,1.78463664955344194e-05,0,-0,0,1.77925048815939151e-07,1.77925048815938992e-07
8,7,0.221359436211786553,0.225359436211786557,8.02684202296560457e-08,2.66262192395459505e-24,3.44891960107034986e-26,2.66284528551043174e-24,8.09876506271894149e-10,8.09876506271890634e-10
8,8,0.252982212813470331,0.256982212813470334,0.000348129368108143983,0,-0,0,3.43511461695235601e-06,3.43511461695235305e-06
