m,component,z,r,abs_reconstructed,abs_lie_zeta,abs_direct_sum,abs_adjusted_coefficient_1_over_r
2,nn,0.30198985650876492,20,0.0123738944318306406,0.025617267001182685,0.0315843684869828931,0.497542617197164527
2,nn,0.30198985650876492,21.5955032465541947,0.0104624637911166374,0.0261229415158053743,0.0284485321770043195,0.497542617197164527
2,nn,0.30198985650876492,23.318288023596633,0.00965619354116986454,0.0267167896870865347,0.0256923693761341408,0.497542617197164527
2,nn,0.30198985650876492,25.1785082358833456,0.00994069338675671391,0.0274069383835461727,0.0232619215386408451,0.497542617197164527
2,nn,0.30198985650876492,27.1871278175705129,0.0110663001891148482,0.0282023351770814452,0.0211114112215814512,0.497542617197164527
2,nn,0.30198985650876492,29.3559853524413903,0.0127241160603575182,0.0291126842702898181,0.0192020347515038589,0.497542617197164527
2,nn,0.30198985650876492,31.6978638492222728,0.0146965178773287766,0.030148393944066678,0.0175009164376210453,0.497542617197164527
2,nn,0.30198985650876492,34.2265660832356176,0.0168661086346452334,0.0313205369135094516,0.0159802052888524358,0.497542617197164527
2,nn,0.30198985650876492,36.9569959484458224,0.0191789707284082366,0.0326408257876382654,0.0146162976601574342,0.497542617197164527
2,nn,0.30198985650876492,39.9052462993775876,0.0216156430786820127,0.0341216059983574585,0.0133891710932758663,0.497542617197164527
2,nn,0.30198985650876492,43.0886938006376781,0.0241747777811212351,0.0357758681804001624,0.0122818160408417754,0.497542617197164527
2,nn,0.30198985650876492,46.5261013430725185,0.0268646749127892728,0.0376172812050006092,0.0112797533404662559,0.497542617197164527
2,nn,0.30198985650876492,50.2377286301916044,0.0296989615730898666,0.0396602460986574187,0.0103706263559661931,0.497542617197164527
2,nn,0.30198985650876492,54.2454515866405629,0.032694388143120201,0.0419199701201458802,0.00954385769809341401,0.497542617197164527
2,nn,0.30198985650876492,58.5728912925047354,0.0358697190845186226,0.0444125594917074706,0.00879036141035084879,0.497542617197164527
2,nn,0.30198985650876492,63.2455532033675922,0.0392452030699517382,0.0471551287875616523,0.00810230246375937685,0.497542617197164527
2,nn,0.30198985650876492,68.2909774766720261,0.0428423574351363343,0.0501659248066613009,0.00747289633938970094,0.497542617197164527
2,nn,0.30198985650876492,73.7389012903915102,0.046683927094688514,0.0534644628683745363,0.00689624237417287185,0.497542617197164527
2,nn,0.30198985650876492,79.6214341106994397,0.0507939424058320363,0.0570716738016626077,0.00636718538850400678,0.497542617197164527
2,nn,0.30198985650876492,85.9732469416455416,0.0551978345604583615,0.061010060366909237,0.00588120089092506598,0.497542617197164527
2,nn,0.30198985650876492,92.8317766722555717,0.0599225856825204919,0.0653038623754364084,0.00543429985758415654,0.497542617197164527
2,nn,0.30198985650876492,100.237446725454447,0.0649969012090829967,0.0699792302917637138,0.00502294970863083248,0.497542617197164527
2,nn,0.30198985650876492,108.233905309292723,0.0704513980723427413,0.075064407575737388,0.00464400865057760376,0.497542617197164527
2,nn,0.30198985650876492,116.868282674703536,0.0763188056454763841,0.0805899224239009088,0.004294671026321778,0.497542617197164527
2,nn,0.30198985650876492,126.191468896038671,0.0826341784377682825,0.0865887898961999747,0.00397242171842123425,0.497542617197164527
2,nn,0.30198985650876492,136.258413811592277,0.0894351207225737993,0.0930967256706366347,0.0036749979929876558,0.497542617197164527
2,nn,0.30198985650876492,147.128450891928281,0.0967620239980762076,0.100152372866353562,0.00340035745834165815,0.497542617197164527
2,nn,0.30198985650876492,158.865646944856309,0.104658318615926976,0.107797543528841355,0.00314665105149733882,0.497542617197164527
2,nn,0.30198985650876492,171.539179718178843,0.113170741185802892,0.116077476493452611,0.00291220016339587299,0.497542617197164527
2,nn,0.30198985650876492,185.223745625758681,0.122349619546286134,0.125041113447588864,0.00269547717681180255,0.497542617197164527
2,nn,0.30198985650876492,200,0.132249177227661746,0.13474139510808486,0.00249508882458833415,0.497542617197164527
2,nn,0.30198985650876492,215.95503246554199,0.142927859446640465,0.145235579526496655,0.00230976188518267197,0.497542617197164527
2,nn,0.30198985650876492,233.182880235966337,0.154448682782725222,0.156585584637267128,0.00213833082163336413,0.497542617197164527
2,nn,0.30198985650876492,251.785082358833506,0.166879610800741568,0.168858357276483934,0.00197972704255510671,0.497542617197164527
2,nn,0.30198985650876492,271.871278175705072,0.180293958009905414,0.182126271025311537,0.00183296952264197619,0.497542617197164527
2,nn,0.30198985650876492,293.559853524413995,0.194770824690393723,0.196467555374395614,0.00169715656790812332,0.497542617197164527
2,nn,0.30198985650876492,316.978638492222672,0.210395565276021462,0.211966758865217514,0.0015714585496015487,0.497542617197164527
2,nn,0.30198985650876492,342.265660832356161,0.227260293157918847,0.228715249042785673,0.00145511146208492526,0.497542617197164527
2,nn,0.30198985650876492,369.569959484458138,0.245464424970201767,0.246811752252215105,0.00134741118539988421,0.497542617197164527
2,nn,0.30198985650876492,399.052462993775976,0.265115267635613105,0.266362936530681882,0.00124770835383936269,0.497542617197164527
2,nn,0.30198985650876492,430.886938006376624,0.286328651687974167,0.287484041086934317,0.00115540374858483664,0.497542617197164527
2,nn,0.30198985650876492,465.261013430725257,0.309229614650148421,0.310299556124125964,0.00106994414606932848,0.497542617197164527
2,nn,0.30198985650876492,502.377286301915888,0.333953138532289306,0.334943957049406826,0.000990818564797136874,0.497542617197164527
2,nn,0.30198985650876492,542.454515866405586,0.36064494582683243,0.361562497426909712,0.00091755486239554452,0.497542617197164527
2,nn,0.30198985650876492,585.728912925047098,0.389462358715524815,0.390312065371014427,0.000849716642069832883,0.497542617197164527
2,nn,0.30198985650876492,632.455532033675809,0.420575226571570482,0.421362108445882344,0.000786900433705396349,0.497542617197164527
2,nn,0.30198985650876492,682.909774766720602,0.454166927238625839,0.454895632537152761,0.00072873311986261654,0.497542617197164527
2,nn,0.30198985650876492,737.389012903915045,0.490435448000118623,0.491110280594589332,0.000674869581046638896,0.497542617197164527
2,nn,0.30198985650876492,796.214341106994652,0.529594552619569003,0.530219497612758439,0.00062499053806955372,0.497542617197164527
2,nn,0.30198985650876492,859.732469416455274,0.571875041337890133,0.572453788723129575,0.000578800572187689565,0.497542617197164527
2,nn,0.30198985650876492,928.31776672255603,0.617526111259962929,0.618062077818245403,0.000536026306102985943,0.497542617197164527
2,nn,0.30198985650876492,1002.37446725454447,0.666816825153179749,0.667313174719885049,0.000496414730936370384,0.497542617197164527
2,nn,0.30198985650876492,1082.33905309292754,0.720037697318646308,0.720497359541951932,0.000459731666008342287,0.497542617197164527
2,nn,0.30198985650876492,1168.68282674703505,0.777502405884923475,0.777928093588758696,0.000425760339713972193,0.497542617197164527
2,nn,0.30198985650876492,1261.91468896038668,0.839549641618709375,0.839943866874606537,0.000394300081046246146,0.497542617197164527
2,nn,0.30198985650876492,1362.58413811592209,0.906545104150956793,0.906910193155283872,0.000365165112391308206,0.497542617197164527
2,nn,0.30198985650876492,1471.28450891928287,0.978883657385400507,0.979221764231200109,0.000338183435169485392,0.497542617197164527
2,nn,0.30198985650876492,1588.6564694485628,1.05699165679433715,1.05730477622027652,0.000313195800703954528,0.497542617197164527
2,nn,0.30198985650876492,1715.39179718178821,1.14132946231937615,1.1416194415121137,0.000290054759425789979,0.497542617197164527
2,nn,0.30198985650876492,1852.23745625758647,1.23239415168857702,1.23266270120911803,0.000268623782150223013,0.497542617197164527
2,nn,0.30198985650876492,2000,1.33072245014251966,1.33097115404183075,0.000248776447722319103,0.497542617197164527
2,nm,0.30198985650876492,20,0.0108294120366575347,0.0114476155112894305,0.00895422718833414899,0.0796211940407944851
2,nm,0.30198985650876492,21.5955032465541947,0.00987013093363563014,0.0109314368231019053,0.00779885352033083019,0.0796211940407944851
2,nm,0.30198985650876492,23.318288023596633,0.0090991466941032547,0.0104862429388774374,0.00680640787630624761,0.0796211940407944851
2,nm,0.30198985650876492,25.1785082358833456,0.00849350405585149945,0.010108476973050241,0.00595344310824533381,0.0796211940407944851
2,nm,0.30198985650876492,27.1871278175705129,0.00803303126658822669,0.00979511221708660208,0.00521984343316376879,0.0796211940407944851
2,nm,0.30198985650876492,29.3559853524413903,0.0076999571894691551,0.00954361540749277919,0.00458835407725663533,0.0796211940407944851
2,nm,0.30198985650876492,31.6978638492222728,0.00747869877083702506,0.00935191559067107166,0.00404417862485218285,0.0796211940407944851
2,nm,0.30198985650876492,34.2265660832356176,0.00735577214772518539,0.0092183780185273994,0.00357463427777181871,0.0796211940407944851
2,nm,0.30198985650876492,36.9569959484458224,0.00731976181445654836,0.00914178259282842805,0.00316885654369323394,0.0796211940407944851
2,nm,0.30198985650876492,39.9052462993775876,0.00736128591076791287,0.00912130644981267065,0.00281754601226954365,0.0796211940407944851
2,nm,0.30198985650876492,43.0886938006376781,0.00747291813579110432,0.00915651034101347579,0.0025127508827890218,0.0796211940407944851
2,nm,0.30198985650876492,46.5261013430725185,0.00764905513564637877,0.00924732852297809223,0.00224767980640701824,0.0796211940407944851
2,nm,0.30198985650876492,50.2377286301916044,0.00788574022856450979,0.00939406191871136435,0.00201654041862740297,0.0796211940407944851
2,nm,0.30198985650876492,54.2454515866405629,0.00818046479855840877,0.0095973743582264421,0.00181439967252310878,0.0796211940407944851
2,nm,0.30198985650876492,58.5728912925047354,0.00853196909263849446,0.0098582917454072376,0.00163706274031588683,0.0796211940407944851
2,nm,0.30198985650876492,63.2455532033675922,0.00894005892639368645,0.0101782040342249178,0.00148096782553647829,0.0796211940407944851
2,nm,0.30198985650876492,68.2909774766720261,0.00940544803244126176,0.0105588699298535347,0.00134309471464791764,0.0796211940407944851
2,nm,0.30198985650876492,73.7389012903915102,0.00992962990950490079,0.0110024242599657956,0.00122088529368916533,0.0796211940407944851
2,nm,0.30198985650876492,79.6214341106994397,0.0105147789347978752,0.0115113879889576359,0.00111217456579790859,0.0796211940407944851
2,nm,0.30198985650876492,85.9732469416455416,0.0111636781483790345,0.0120886808734877588,0.00101513093891113736,0.0796211940407944851
2,nm,0.30198985650876492,92.8317766722555717,0.0118796700884000964,0.0127376367819149339,0.000928204723410228495,0.0796211940407944851
2,nm,0.30198985650876492,100.237446725454447,0.0126666268838939756,0.0134620217233174157,0.000850083902780974176,0.0796211940407944851
2,nm,0.30198985650876492,108.233905309292723,0.0135289361178495288,0.0142660546540967145,0.000779656331733176401,0.0796211940407944851
2,nm,0.30198985650876492,116.868282674703536,0.0144714994962010981,0.0151544311519830211,0.000715977588471028762,0.0796211940407944851
2,nm,0.30198985650876492,126.191468896038671,0.0154997419378929396,0.0161323500688295048,0.000658243770358368546,0.0796211940407944851
2,nm,0.30198985650876492,136.258413811592277,0.0166196292504659955,0.0172055432951444091,0.000605768581061212293,0.0796211940407944851
2,nm,0.30198985650876492,147.128450891928281,0.0178376930351165225,0.0183803087910853306,0.000557964115411570261,0.0796211940407944851
2,nm,0.30198985650876492,158.865646944856309,0.0191610618632966911,0.0196635470608385599,0.000514324806608637553,0.0796211940407944851
2,nm,0.30198985650876492,171.539179718178843,0.0205974980869795682,0.0210628012701283528,0.000474414058515182488,0.0796211940407944851
2,nm,0.30198985650876492,185.223745625758681,0.0221554398968302792,0.0225863012302405936,0.000437853142637904564,0.0796211940407944851
2,nm,0.30198985650876492,200,0.0238440484390013002,0.0242430114965932857,0.000404311993677225218,0.0796211940407944851
2,nm,0.30198985650876492,215.95503246554199,0.0256732599540857934,0.0260426838557312884,0.000373501588226719599,0.0796211940407944851
2,nm,0.30198985650876492,233.182880235966337,0.0276538430214664233,0.0279959145018552277,0.000345167637528985994,0.0796211940407944851
2,nm,0.30198985650876492,251.785082358833506,0.0297974610876323362,0.0301142062328072641,0.000319085366722032175,0.0796211940407944851
2,nm,0.30198985650876492,271.871278175705072,0.0321167405349769217,0.0324100360260260456,0.000295055189608430641,0.0796211940407944851
2,nm,0.30198985650876492,293.559853524413995,0.0346253446135466672,0.0348969283875558839,0.000272899119764783815,0.0796211940407944851
2,nm,0.30198985650876492,316.978638492222672,0.0373380536163135102,0.0375895349019597994,0.000252457786064281848,0.0796211940407944851
2,nm,0.30198985650876492,342.265660832356161,0.0402708517319053522,0.0405037204481698762,0.000233587943805484258,0.0796211940407944851
2,nm,0.30198985650876492,369.569959484458138,0.0434410210596857665,0.0436566565861393127,0.000216160392070774952,0.0796211940407944851
2,nm,0.30198985650876492,399.052462993775976,0.0468672433223904228,0.0470669226618931694,0.000200058224139893225,0.0796211940407944851
2,nm,0.30198985650876492,430.886938006376624,0.0505697098625398633,0.0507546152244652896,0.000185175351203341381,0.0796211940407944851
2,nm,0.30198985650876492,465.261013430725257,0.0545702405616007025,0.0547414663975430288,0.000171415250674248352,0.0796211940407944851
2,nm,0.30198985650876492,502.377286301915888,0.0588924123761887172,0.0590509719017125734,0.000158689899458224263,0.0796211940407944851
2,nm,0.30198985650876492,542.454515866405586,0.0635616982441942202,0.0637085294803318991,0.000146918859940588687,0.0796211940407944851
2,nm,0.30198985650876492,585.728912925047098,0.0686056171761539879,0.0687415885435909146,0.000136028492474611526,0.0796211940407944851
2,nm,0.30198985650876492,632.455532033675809,0.0740538964140508016,0.0741798119116248572,0.000125951273045010498,0.0796211940407944851
2,nm,0.30198985650876492,682.909774766720602,0.0799386466114968691,0.0800552506090154298,0.000116625198745080264,0.0796211940407944851
2,nm,0.30198985650876492,737.389012903915045,0.0862945510664670096,0.0864025327400752968,0.000107993266913931191,0.0796211940407944851
2,nm,0.30198985650876492,796.214341106994652,0.0931590701209019101,0.0932590675574199029,0.000100003016373087589,0.0796211940407944851
2,nm,0.30198985650876492,859.732469416455274,0.10057266193112778,0.100665265925976313,9.26061212979509729e-05,0.0796211940407944851
2,nm,0.30198985650876492,928.31776672255603,0.108579020909702714,0.108664778481302113,8.57580299527577639e-05,0.0796211940407944851
2,nm,0.30198985650876492,1002.37446725454447,0.117225335243576451,0.117304752885444563,7.94176418861043703e-05,0.0796211940407944851
2,nm,0.30198985650876492,1082.33905309292754,0.126562565005981953,0.126636111696198483,7.35470182931017668e-05,0.0796211940407944851
2,nm,0.30198985650876492,1168.68282674703505,0.136645742500922651,0.136713852487162196,6.81111211442912256e-05,0.0796211940407944851
2,nm,0.30198985650876492,1261.91468896038668,0.147534296610214277,0.147597371987188142,6.30775774123801632e-05,0.0796211940407944851
2,nm,0.30198985650876492,1362.58413811592209,0.159292403054547643,0.159350816149426172,5.84164653167994259e-05,0.0796211940407944851
2,nm,0.30198985650876492,1471.28450891928287,0.171989362632810949,0.172043458213024081,5.41001199898493625e-05,0.0796211940407944851
2,nm,0.30198985650876492,1588.6564694485628,0.185700009668833932,0.185750106985558855,5.01029563613873024e-05,0.0796211940407944851
2,nm,0.30198985650876492,1715.39179718178821,0.200505153072781828,0.200551547752421094,4.64013073824437493e-05,0.0796211940407944851
2,nm,0.30198985650876492,1852.23745625758647,0.216492052616667346,0.216535018411691788,4.29732759753650344e-05,0.0796211940407944851
2,nm,0.30198985650876492,2000,0.233754933231017592,0.233794723640687208,3.9798599315664337e-05,0.0796211940407944851
2,mm,0.30198985650876492,20,0.00324004903154942328,0.00494300526429282232,0.00203743302272593784,0.0407486604545187273
2,mm,0.30198985650876492,21.5955032465541947,0.003096363462184803,0.00463846862470422387,0.00188690487965454843,0.0407486604545187273
2,mm,0.30198985650876492,23.318288023596633,0.00296731192836952734,0.00436037588134636101,0.00174749794724568508,0.0407486604545187273
2,mm,0.30198985650876492,25.1785082358833456,0.0028517108256246081,0.00410690103212191411,0.0016183905763108514,0.0407486604545187273
2,mm,0.30198985650876492,27.1871278175705129,0.00274843436768945496,0.0038763327640190426,0.00149882182214863065,0.0407486604545187273
2,mm,0.30198985650876492,29.3559853524413903,0.0026564133439456075,0.0036670619719341292,0.00138808695961997069,0.0407486604545187273
2,mm,0.30198985650876492,31.6978638492222728,0.0025746348628899185,0.00347757047292108134,0.00128553332957541096,0.0407486604545187273
2,mm,0.30198985650876492,34.2265660832356176,0.00250214277030295831,0.00330642107858968503,0.00119055649215355332,0.0407486604545187273
2,mm,0.30198985650876492,36.9569959484458224,0.0024380384115592962,0.00315224918165716433,0.00110259666427872617,0.0407486604545187273
2,mm,0.30198985650876492,39.9052462993775876,0.00238148142145922469,0.00301375597852820845,0.00102113542036086466,0.0407486604545187273
2,mm,0.30198985650876492,43.0886938006376781,0.00233169026851250518,0.00288970338742915254,0.000945692636751865033,0.0407486604545187273
2,mm,0.30198985650876492,46.5261013430725185,0.00228794234559663448,0.00277891063552011472,0.000875823661949402701,0.0407486604545187273
2,mm,0.30198985650876492,50.2377286301916044,0.00224957347466104261,0.00268025238854940505,0.000811116695869683129,0.0407486604545187273
2,mm,0.30198985650876492,54.2454515866405629,0.00221597676889093284,0.00259265819722726389,0.000751190362742860484,0.0407486604545187273
2,mm,0.30198985650876492,58.5728912925047354,0.00218660086264238105,0.00251511295129763519,0.000695691463326025133,0.0407486604545187273
2,mm,0.30198985650876492,63.2455532033675922,0.00216094757176380631,0.00244665797895431874,0.000644292893185557719,0.0407486604545187273
2,mm,0.30198985650876492,68.2909774766720261,0.00213856908220741221,0.00238639241418669816,0.000596691714779429652,0.0407486604545187273
2,mm,0.30198985650876492,73.7389012903915102,0.00211906478353529907,0.00233347447910192901,0.000552607371976514142,0.0407486604545187273
2,mm,0.30198985650876492,79.6214341106994397,0.0021020778684385337,0.00228712238640498174,0.000511780036489484376,0.0407486604545187273
2,mm,0.30198985650876492,85.9732469416455416,0.00208729181313160091,0.00224661464793521727,0.000473969076475348869,0.0407486604545187273
2,mm,0.30198985650876492,92.8317766722555717,0.00207442684008573913,0.00221128966506414911,0.000438951638277729152,0.0407486604545187273
2,mm,0.30198985650876492,100.237446725454447,0.00206323644729764378,0.00218054456317353686,0.000406521332951820702,0.0407486604545187273
2,mm,0.30198985650876492,108.233905309292723,0.00205350406977713226,0.00215383330565248245,0.00037648701983056227,0.0407486604545187273
2,mm,0.30198985650876492,116.868282674703536,0.00204503992105702992,0.00213066417723937465,0.000348671679962480089,0.0407486604545187273
2,mm,0.30198985650876492,126.191468896038671,0.00203767804646470948,0.00211059676046902647,0.000322911372781381934,0.0407486604545187273
2,mm,0.30198985650876492,136.258413811592277,0.0020312736062609066,0.00209323854402053769,0.000299054269858616342,0.0407486604545187273
2,mm,0.30198985650876492,147.128450891928281,0.00202570039573801665,0.00207824130143370632,0.000276959760042946781,0.0407486604545187273
2,mm,0.30198985650876492,158.865646944856309,0.00202084860088502013,0.00206529736732946048,0.000256497620713829952,0.0407486604545187273
2,mm,0.30198985650876492,171.539179718178843,0.00201662278201052798,0.00205413592021337589,0.000237547250263553866,0.0407486604545187273
2,mm,0.30198985650876492,185.223745625758681,0.00201294007343107541,0.0020445193598033957,0.000219996957284574742,0.0407486604545187273
2,mm,0.30198985650876492,200,0.00200972858462100234,0.00203623984535955972,0.000203743302272595074,0.0407486604545187273
2,mm,0.30198985650876492,215.95503246554199,0.00200692598674321546,0.00202911604155525758,0.000188690487965456193,0.0407486604545187273
2,mm,0.30198985650876492,233.182880235966337,0.00200447826793504879,0.00202299010107934467,0.000174749794724569793,0.0407486604545187273
2,mm,0.30198985650876492,251.785082358833506,0.00200233864085523888,0.00201772489884954062,0.000161839057631086366,0.0407486604545187273
2,mm,0.30198985650876492,271.871278175705072,0.00200046658659910588,0.00201320152147791039,0.000149882182214864453,0.0407486604545187273
2,mm,0.30198985650876492,293.559853524413995,0.00199882701999589069,0.00200931700722217083,0.000138808695961998375,0.0407486604545187273
2,mm,0.30198985650876492,316.978638492222672,0.00199738956238997142,0.00200598232570628563,0.000128553332957542533,0.0407486604545187273
2,mm,0.30198985650876492,342.265660832356161,0.00199612790918366183,0.00200312058277386709,0.000119055649215356649,0.0407486604545187273
2,mm,0.30198985650876492,369.569959484458138,0.00199501928061682947,0.00200066543352838203,0.000110259666427874178,0.0407486604545187273
2,mm,0.30198985650876492,399.052462993775976,0.0019940439454316501,0.00199855968553435499,0.000102113542036087743,0.0407486604545187273
2,mm,0.30198985650876492,430.886938006376624,0.00199318480818895137,0.00199675407397735148,9.45692636751880022e-05,0.0407486604545187273
2,mm,0.30198985650876492,465.261013430725257,0.0019924270520473011,0.00199520619103961405,8.7582366194941479e-05,0.0407486604545187273
2,mm,0.30198985650876492,502.377286301915888,0.00199175782977722721,0.00199387955263041891,8.11116695869696139e-05,0.0407486604545187273
2,mm,0.30198985650876492,542.454515866405586,0.00199116599665692803,0.00199274278675227838,7.51190362742874172e-05,0.0407486604545187273
2,mm,0.30198985650876492,585.728912925047098,0.00199064187968292982,0.00199176892906448647,6.95691463326038008e-05,0.0407486604545187273
2,mm,0.30198985650876492,632.455532033675809,0.00199017707823258196,0.00199093481253610196,6.44292893185570838e-05,0.0407486604545187273
2,mm,0.30198985650876492,682.909774766720602,0.00198976429194005133,0.00199022053940013611,5.9669171477944231e-05,0.0407486604545187273
2,mm,0.30198985650876492,737.389012903915045,0.00198939717209944186,0.0019896090248884544,5.52607371976526502e-05,0.0407486604545187273
2,mm,0.30198985650876492,796.214341106994652,0.0019890701933942957,0.00198908560341734281,5.11780036489497238e-05,0.0407486604545187273
2,mm,0.30198985650876492,859.732469416455274,0.00198877854317844023,0.00198863768899241317,4.7396907647536318e-05,0.0407486604545187273
2,mm,0.30198985650876492,928.31776672255603,0.00198851802590517372,0.00198825448260238477,4.38951638277742081e-05,0.0407486604545187273
2,mm,0.30198985650876492,1002.37446725454447,0.0019882849806261314,0.0019879267202734599,4.06521332951834539e-05,0.0407486604545187273
2,mm,0.30198985650876492,1082.33905309292754,0.00198807620976331834,0.00198764645626251998,3.76487019830574535e-05,0.0407486604545187273
2,mm,0.30198985650876492,1168.68282674703505,0.00198788891760278037,0.00198740687658350863,3.48671679962493818e-05,0.0407486604545187273
2,mm,0.30198985650876492,1261.91468896038668,0.00198772065717079229,0.00198720213869368672,3.22911372781396611e-05,0.0407486604545187273
2,mm,0.30198985650876492,1362.58413811592209,0.00198756928433736334,0.00198702723372227519,2.99054269858629359e-05,0.0407486604545187273
2,mm,0.30198985650876492,1471.28450891928287,0.00198743291815092976,0.00198687786811068291,2.7695976004296095e-05,0.0407486604545187273
2,mm,0.30198985650876492,1588.6564694485628,0.00198730990654556782,0.00198675036195835979,2.56497620713843986e-05,0.0407486604545187273
2,mm,0.30198985650876492,1715.39179718178821,0.00198719879668073952,0.00198664156173811732,2.37547250263566226e-05,0.0407486604545187273
2,mm,0.30198985650876492,1852.23745625758647,0.00198709830927599074,0.00198654876536602087,2.19996957284588329e-05,0.0407486604545187273
2,mm,0.30198985650876492,2000,0.00198700731639134872,0.00198646965788943156,2.03743302272607908e-05,0.0407486604545187273
3,nn,0.30198985650876492,20,0.0115204858930514666,0.00911126089919145343,0.0191916378142393124,0.264683277548242835
3,nn,0.30198985650876492,21.5955032465541947,0.00956373420737741467,0.00919130617220199723,0.0170973381314272546,0.264683277548242835
3,nn,0.30198985650876492,23.318288023596633,0.0079263238007138883,0.0092867549322618384,0.0152764517390242358,0.264683277548242835
3,nn,0.30198985650876492,25.1785082358833456,0.00659154777320158404,0.00939946472447157795,0.0136892999869889804,0.264683277548242835
3,nn,0.30198985650876492,27.1871278175705129,0.00555884117392423539,0.00953154357527164452,0.0123020542291781641,0.264683277548242835
3,nn,0.30198985650876492,29.3559853524413903,0.00484110295611118232,0.00968535583309579166,0.0110859128441710142,0.264683277548242835
3,nn,0.30198985650876492,31.6978638492222728,0.00445107021660961361,0.00986352686203899494,0.0100163874407192422,0.264683277548242835
3,nn,0.30198985650876492,34.2265660832356176,0.00437695906756500885,0.0100689457871949769,0.00907268308831554564,0.264683277548242835
3,nn,0.30198985650876492,36.9569959484458224,0.00456958428874690813,0.0103047657830780404,0.00823716011966033404,0.264683277548242835
3,nn,0.30198985650876492,39.9052462993775876,0.00495968562171918061,0.0105744017518379571,0.00749486721574406812,0.264683277548242835
3,nn,0.30198985650876492,43.0886938006376781,0.00548505287242529414,0.0108815256437685918,0.00683313715530469747,0.264683277548242835
3,nn,0.30198985650876492,46.5261013430725185,0.0061027356586942326,0.0112300600973397648,0.00624123786493265605,0.264683277548242835
3,nn,0.30198985650876492,50.2377286301916044,0.00678761615614818532,0.0116241714717297412,0.00571007233533425782,0.264683277548242835
3,nn,0.30198985650876492,54.2454515866405629,0.00752698593871132995,0.0120682636557100202,0.00523192166542683912,0.264683277548242835
3,nn,0.30198985650876492,58.5728912925047354,0.00831587093101885354,0.0125669742113984542,0.00480022604048316835,0.264683277548242835
3,nn,0.30198985650876492,63.2455532033675922,0.00915394181930879493,0.0131251744166604942,0.00440939890709937665,0.264683277548242835
3,nn,0.30198985650876492,68.2909774766720261,0.0100436568845601766,0.0137479746011213277,0.0040546700199778074,0.264683277548242835
3,nn,0.30198985650876492,73.7389012903915102,0.0109891878038807771,0.0144407358549803015,0.00373195342878291075,0.264683277548242835
3,nn,0.30198985650876492,79.6214341106994397,0.011995811679873342,0.0152090887806579506,0.00343773685873298689,0.264683277548242835
3,nn,0.30198985650876492,85.9732469416455416,0.0130695758905635413,0.0160589595222504732,0.00316898931757801953,0.264683277548242835
3,nn,0.30198985650876492,92.8317766722555717,0.0142171228099898343,0.0169966029127273065,0.00292308413023991201,0.264683277548242835
3,nn,0.30198985650876492,100.237446725454447,0.0154456090577566769,0.0180286422745218819,0.00269773495461583671,0.264683277548242835
3,nn,0.30198985650876492,108.233905309292723,0.0167626813349342658,0.0191621152232680086,0.00249094266192055125,0.264683277548242835
3,nn,0.30198985650876492,116.868282674703536,0.0181764866563836648,0.020404524760449478,0.00230095126782051823,0.264683277548242835
3,nn,0.30198985650876492,126.191468896038671,0.01969570393745005,0.0217638949827863859,0.00212621137361690329,0.264683277548242835
3,nn,0.30198985650876492,136.258413811592277,0.0213295892796751506,0.0232488308567968087,0.00196534981875757945,0.264683277548242835
3,nn,0.30198985650876492,147.128450891928281,0.0230880305176707629,0.0248685816750896689,0.00181714445739009035,0.264683277548242835
3,nn,0.30198985650876492,158.865646944856309,0.0249816085359509076,0.0266331079982270701,0.00168050315402524316,0.264683277548242835
3,nn,0.30198985650876492,171.539179718178843,0.0270216640550548157,0.0285531520705158796,0.00155444624892887373,0.264683277548242835
3,nn,0.30198985650876492,185.223745625758681,0.0292203693209379979,0.0306403118655564043,0.00143809187528068545,0.264683277548242835
3,nn,0.30198985650876492,200,0.0315908045886974589,0.0329071190605623454,0.00133064362027369119,0.264683277548242835
3,nn,0.30198985650876492,215.95503246554199,0.0341470395789597383,0.0353671213556739431,0.00123138011398564082,0.264683277548242835
3,nn,0.30198985650876492,233.182880235966337,0.0369042202687320173,0.0380349696477325291,0.00113964620568803715,0.264683277548242835
3,nn,0.30198985650876492,251.785082358833506,0.0398786614991540889,0.0409265106413550517,0.00105484544969126773,0.264683277548242835
3,nn,0.30198985650876492,271.871278175705072,0.0430879459660200581,0.0440588855385263198,0.000976433674014958396,0.264683277548242835
3,nn,0.30198985650876492,293.559853524413995,0.0465510302213020533,0.0474506354961585705,0.000903913447003228706,0.264683277548242835
3,nn,0.30198985650876492,316.978638492222672,0.0502883583653927629,0.051121814583461718,0.000836829291093950682,0.264683277548242835
3,nn,0.30198985650876492,342.265660832356161,0.0543219841568529094,0.0550941110111187252,0.000774763520674562854,0.264683277548242835
3,nn,0.30198985650876492,369.569959484458138,0.0586757023131943625,0.0593909774449861774,0.000717332603464740414,0.264683277548242835
3,nn,0.30198985650876492,399.052462993775976,0.0633751898252676998,0.0640377712605003924,0.000664183963123348266,0.264683277548242835
3,nn,0.30198985650876492,430.886938006376624,0.0684481581608359785,0.0690619056417376975,0.000614993155573524751,0.264683277548242835
3,nn,0.30198985650876492,465.261013430725257,0.0739245172910260734,0.0744930124823189044,0.000569461363532107576,0.264683277548242835
3,nn,0.30198985650876492,502.377286301915888,0.0798365525373257584,0.0803631181048964777,0.00052731316345006518,0.264683277548242835
3,nn,0.30198985650876492,542.454515866405586,0.0862191153072355276,0.0867068328824664308,0.000488294526954583604,0.264683277548242835
3,nn,0.30198985650876492,585.728912925047098,0.093109828864063271,0.0935615559187008561,0.00045217102528708077,0.264683277548242835
3,nn,0.30198985650876492,632.455532033675809,0.100549310361136041,0.100967696026360909,0.000418726210436372336,0.264683277548242835
3,nn,0.30198985650876492,682.909774766720602,0.108581410463336789,0.108968910333037391,0.000387760150908758865,0.264683277548242835
3,nn,0.30198985650876492,737.389012903915045,0.117253471979847049,0.117612361942425345,0.000359088103541228571,0.264683277548242835
3,nn,0.30198985650876492,796.214341106994652,0.126616609041809713,0.126948998187539019,0.000332539305598839713,0.264683277548242835
3,nn,0.30198985650876492,859.732469416455274,0.13672600847789515,0.137033851130244744,0.000307955873729482809,0.264683277548242835
3,nn,0.30198985650876492,928.31776672255603,0.147641255170108066,0.147926362089822294,0.000285191798267623133,0.264683277548242835
3,nn,0.30198985650876492,1002.37446725454447,0.159426683312303363,0.159690732122612866,0.000264112022969761938,0.264683277548242835
3,nn,0.30198985650876492,1082.33905309292754,0.172151755645577942,0.172396300525923279,0.000244591601585411589,0.264683277548242835
3,nn,0.30198985650876492,1168.68282674703505,0.185891472908812777,0.186117953603026132,0.000226514923769145603,0.264683277548242835
3,nn,0.30198985650876492,1261.91468896038668,0.2007268159200985,0.200936566103256026,0.000209775003768421139,0.264683277548242835
3,nn,0.30198985650876492,1362.58413811592209,0.216745222896591039,0.216939477942806325,0.000194272826100332942,0.264683277548242835
3,nn,0.30198985650876492,1471.28450891928287,0.234041104827638596,0.234221009019004639,0.000179916743095585163,0.264683277548242835
3,nn,0.30198985650876492,1588.6564694485628,0.252716401939972912,0.252883015154732049,0.000166621919752207653,0.264683277548242835
3,nn,0.30198985650876492,1715.39179718178821,0.272881184535701538,0.273035488451581543,0.000154309821828594451,0.264683277548242835
3,nn,0.30198985650876492,1852.23745625758647,0.294654301745152281,0.29479720559168443,0.000142907743523150389,0.264683277548242835
3,nn,0.30198985650876492,2000,0.318164082018871364,0.318296427910430835,0.000132348371452794888,0.264683277548242835
3,nm,0.30198985650876492,20,0.00481832073310444788,0.0039607718278449229,0.00448164655545170171,0.031781075309187147
3,nm,0.30198985650876492,21.5955032465541947,0.00424537849570498938,0.00372860859777646159,0.00388204452078983343,0.031781075309187147
3,nm,0.30198985650876492,23.318288023596633,0.00376205446492672117,0.00351946847598103539,0.00336749301299516012,0.031781075309187147
3,nm,0.30198985650876492,25.1785082358833456,0.00335664023043943547,0.00333196980738969866,0.00292582420587801087,0.031781075309187147
3,nm,0.30198985650876492,27.1871278175705129,0.00301913026233143313,0.0031648796934944756,0.00254659804317434752,0.031781075309187147
3,nm,0.30198985650876492,29.3559853524413903,0.00274094543315989928,0.0030171037083347764,0.00222085668157352223,0.031781075309187147
3,nm,0.30198985650876492,31.6978638492222728,0.00251469114166157255,0.00288767686001956082,0.00194091410608224517,0.031781075309187147
3,nm,0.30198985650876492,34.2265660832356176,0.00233395214253685496,0.00277575568340867338,0.00170017593235910047,0.031781075309187147
3,nm,0.30198985650876492,36.9569959484458224,0.00219312813814760222,0.00268061136493925141,0.00149298510522972018,0.031781075309187147
3,nm,0.30198985650876492,39.9052462993775876,0.00208731311112856591,0.00260162381412462704,0.00131448979334579667,0.031781075309187147
3,nm,0.30198985650876492,43.0886938006376781,0.00201221684048988412,0.00253827660822958899,0.00116053028309982104,0.031781075309187147
3,nm,0.30198985650876492,46.5261013430725185,0.00196412061982155018,0.00249015274725892426,0.00102754210553245235,0.031781075309187147
3,nm,0.30198985650876492,50.2377286301916044,0.00193985400271090504,0.0024569311658778673,0.000912473001945997416,0.031781075309187147
3,nm,0.30198985650876492,54.2454515866405629,0.00193677816336537624,0.00243838395738054563,0.000812711659521220438,0.031781075309187147
3,nm,0.30198985650876492,58.5728912925047354,0.00195276464748657939,0.00243437427248092931,0.000726026437428980032,0.031781075309187147
3,nm,0.30198985650876492,63.2455532033675922,0.00198616399797866714,0.00244485486264712669,0.000650512563885709944,0.031781075309187147
3,nm,0.30198985650876492,68.2909774766720261,0.00203576427097983603,0.00246986724404511717,0.000584546519358000857,0.031781075309187147
3,nm,0.30198985650876492,73.7389012903915102,0.00210074299299352948,0.00250954146399974629,0.000526746531881153082,0.031781075309187147
3,nm,0.30198985650876492,79.6214341106994397,0.00218061729368032803,0.00256409645730508538,0.000475938296458368402,0.031781075309187147
3,nm,0.30198985650876492,85.9732469416455416,0.00227519642932731692,0.00263384098479933076,0.000431125190262651151,0.031781075309187147
3,nm,0.30198985650876492,92.8317766722555717,0.00238453960295553812,0.00271917515142920284,0.000391462387906024332,0.031781075309187147
3,nm,0.30198985650876492,100.237446725454447,0.0025089205916923687,0.00282059250562625248,0.000356234386821347446,0.031781075309187147
3,nm,0.30198985650876492,108.233905309292723,0.00264879957628304024,0.00293868272625753086,0.00032483553401486617,0.031781075309187147
3,nm,0.30198985650876492,116.868282674703536,0.00280480183319286105,0.00307413490774587073,0.000296753205785103445,0.031781075309187147
3,nm,0.30198985650876492,126.191468896038671,0.00297770255496449541,0.0032277414582265059,0.000271553336029465003,0.031781075309187147
3,nm,0.30198985650876492,136.258413811592277,0.00316841691714222357,0.00340040262985981086,0.00024886802116075383,0.031781075309187147
3,nm,0.30198985650876492,147.128450891928281,0.0033779945183290863,0.00359313170469452133,0.000228384954605159664,0.031781075309187147
3,nm,0.30198985650876492,158.865646944856309,0.00360761741212063626,0.00380706086381025566,0.000209838464619064934,0.031781075309187147
3,nm,0.30198985650876492,171.539179718178843,0.00385860107716220601,0.00404344777189896872,0.000193001947978583237,0.031781075309187147
3,nm,0.30198985650876492,185.223745625758681,0.00413239780497937775,0.00430368291400787424,0.00017768151024800442,0.031781075309187147
3,nm,0.30198985650876492,200,0.00443060210880289081,0.00458929772589646706,0.000163710641361408904,0.031781075309187147
3,nm,0.30198985650876492,215.95503246554199,0.00475495786346321302,0.00490197356439232932,0.000150945773195407723,0.031781075309187147
3,nm,0.30198985650876492,233.182880235966337,0.00510736697490821526,0.00524355156929971929,0.000139262583433008525,0.031781075309187147
3,nm,0.30198985650876492,251.785082358833506,0.00548989944912620011,0.0056160434738569227,0.000128552926977094407,0.031781075309187147
3,nm,0.30198985650876492,271.871278175705072,0.00590480478661781997,0.00602164342648961806,0.000118722292134451903,0.031781075309187147
3,nm,0.30198985650876492,293.559853524413995,0.00635452467279922894,0.00646274089270586737,0.000109687693496975851,0.031781075309187147
3,nm,0.30198985650876492,316.978638492222672,0.00684170696947032728,0.00694193471246255626,0.000101375926729921925,0.031781075309187147
3,nm,0.30198985650876492,342.265660832356161,0.00736922104005488174,0.0074620483952450101,9.37221222669741956e-05,0.031781075309187147
3,nm,0.30198985650876492,369.569959484458138,0.00794017446362668515,0.00802614674248303475,8.66685452161558914e-05,0.031781075309187147
3,nm,0.30198985650876492,399.052462993775976,0.00855793121130743288,0.00863755389482468924,8.01635976674675439e-05,0.031781075309187147
3,nm,0.30198985650876492,430.886938006376624,0.00922613137464879662,0.00929987291025084935,7.41609871698771143e-05,0.031781075309187147
3,nm,0.30198985650876492,465.261013430725257,0.00994871255000747551,0.010017006988091149,6.86190315417264533e-05,0.031781075309187147
3,nm,0.30198985650876492,502.377286301915888,0.0107299329963805624,0.0107931824637496222,6.35000755337256892e-05,0.031781075309187147
3,nm,0.30198985650876492,542.454515866405586,0.0115743966972159367,0.0116329737094253496,5.87699993149715718e-05,0.031781075309187147
3,nm,0.30198985650876492,585.728912925047098,0.0124870804697469577,0.0125413300873812895,5.43978024302660201e-05,0.031781075309187147
3,nm,0.30198985650876492,632.455532033675809,0.0134733632787324455,0.0135236051144422519,5.03552499006262898e-05,0.031781075309187147
3,nm,0.30198985650876492,682.909774766720602,0.0145390579253535848,0.0145855880094606354,4.66165696140107127e-05,0.031781075309187147
3,nm,0.30198985650876492,737.389012903915045,0.0156904452966285107,0.0157335378095556921,4.31581921726668135e-05,0.031781075309187147
3,nm,0.30198985650876492,796.214341106994652,0.0169343113762197572,0.0169742202560908551,3.99585260063112e-05,0.031781075309187147
3,nm,0.30198985650876492,859.732469416455274,0.0182779872340784154,0.0183149476676939017,3.69977618940306314e-05,0.031781075309187147
3,nm,0.30198985650876492,928.31776672255603,0.0197293922301300419,0.0197636220352445449,3.42577021186420426e-05,0.031781075309187147
3,nm,0.30198985650876492,1002.37446725454447,0.0212970806862916445,0.0213287815927548155,3.17216103521122318e-05,0.031781075309187147
3,nm,0.30198985650876492,1082.33905309292754,0.0229902923016504952,0.0230196511385653661,2.93740790787105635e-05,0.031781075309187147
3,nm,0.30198985650876492,1168.68282674703505,0.0248190066077655924,0.0248461964033923344,2.72009119348083246e-05,0.031781075309187147
3,nm,0.30198985650876492,1261.91468896038668,0.0267940017849141038,0.0268191827856196045,2.51890188075105371e-05,0.031781075309187147
3,nm,0.30198985650876492,1362.58413811592209,0.0289269181858415152,0.028950238799976942,2.3326321909230168e-05,0.031781075309187147
3,nm,0.30198985650876492,1471.28450891928287,0.031230326941345022,0.0312519246135308099,2.1601671348898425e-05,0.031781075309187147
3,nm,0.30198985650876492,1588.6564694485628,0.0337178040519880776,0.0337378060729026513,2.00047689671835758e-05,0.031781075309187147
3,nm,0.30198985650876492,1715.39179718178821,0.0364040104025926889,0.0364225346589993199,1.85260994033940668e-05,0.031781075309187147
3,nm,0.30198985650876492,1852.23745625758647,0.0393047781710722036,0.039321933840478461,1.71568675250238904e-05,0.031781075309187147
3,nm,0.30198985650876492,2000,0.0424372041408630704,0.0424530923348893988,1.58889414843720725e-05,0.031781075309187147
3,mm,0.30198985650876492,20,0.000936971393043188367,0.0015268824303763522,0.00065207184323497864,0.0130414368646995862
3,mm,0.30198985650876492,21.5955032465541947,0.000886867431680307119,0.00142559090909395183,0.000603895946105376569,0.0130414368646995862
3,mm,0.30198985650876492,23.318288023596633,0.000841492401100949329,0.00133259978875611951,0.000559279345529245715,0.0130414368646995862
3,mm,0.30198985650876492,25.1785082358833456,0.000800500999253554572,0.00124733664782879857,0.000517959076150248995,0.0130414368646995862
3,mm,0.30198985650876492,27.1871278175705129,0.000763565483639721274,0.001169269795149727,0.000479691600827033388,0.0130414368646995862
3,mm,0.30198985650876492,29.3559853524413903,0.000730374097877106916,0.00109790443038031344,0.00044425137525199701,0.0130414368646995862
3,mm,0.30198985650876492,31.6978638492222728,0.000700629895601761403,0.00103277900661333873,0.000411429518617846795,0.0130414368646995862
3,mm,0.30198985650876492,34.2265660832356176,0.000674049950831611929,0.000973461806371321071,0.000381032582497002083,0.0130414368646995862
3,mm,0.30198985650876492,36.9569959484458224,0.000650364921131439092,0.000919547752701797209,0.000352881410677753019,0.0130414368646995862
3,mm,0.30198985650876492,39.9052462993775876,0.00062931890786460372,0.000870655486383164123,0.000326810083237174989,0.0130414368646995862
3,mm,0.30198985650876492,43.0886938006376781,0.000610669539966803574,0.000826424746804527263,0.000302664938627277696,0.0130414368646995862
3,mm,0.30198985650876492,46.5261013430725185,0.00059418819693090165,0.000786514096144088227,0.000280303668010673825,0.0130414368646995862
3,mm,0.30198985650876492,50.2377286301916044,0.000579660284693017062,0.000750599022528248378,0.000259594476507880769,0.0130414368646995862
3,mm,0.30198985650876492,54.2454515866405629,0.000566885484894317344,0.000718370447056462455,0.000240415306412738425,0.0130414368646995862
3,mm,0.30198985650876492,58.5728912925047354,0.000555677912061817102,0.000689533642164113646,0.000222653117797659442,0.0130414368646995862
3,mm,0.30198985650876492,63.2455532033675922,0.000545866132024465465,0.000663807546348842994,0.000206203222268678659,0.0130414368646995862
3,mm,0.30198985650876492,68.2909774766720261,0.000537293015354226998,0.000640924435660105286,0.000190968665943527663,0.0130414368646995862
3,mm,0.30198985650876492,73.7389012903915102,0.000529815419019999032,0.000620629889224273462,0.000176859658016072235,0.0130414368646995862
3,mm,0.30198985650876492,79.6214341106994397,0.000523303705688166567,0.000602682968185604064,0.000163793041539138173,0.0130414368646995862
3,mm,0.30198985650876492,85.9732469416455416,0.00051764112203087965,0.000586856517721026281,0.000151691803306573219,0.0130414368646995862
3,mm,0.30198985650876492,92.8317766722555717,0.000512723064724143664,0.00057293750167369947,0.000140484619945846739,0.0130414368646995862
3,mm,0.30198985650876492,100.237446725454447,0.000508456265927801493,0.000560727288497274911,0.000130105437545904417,0.0130414368646995862
3,mm,0.30198985650876492,108.233905309292723,0.000504757929752362657,0.000550041823656452207,0.000120493082342653136,0.0130414368646995862
3,mm,0.30198985650876492,116.868282674703536,0.000501554848513461726,0.000540711644405525286,0.000111590900167495821,0.0130414368646995862
3,mm,0.30198985650876492,126.191468896038671,0.000498782523406191675,0.000532581714698238703,0.00010334642253386835,0.0130414368646995862
3,mm,0.30198985650876492,136.258413811592277,0.000496384309404941226,0.000525511078004920439,9.57110573937270108e-05,0.0130414368646995862
3,mm,0.30198985650876492,147.128450891928281,0.000494310599317725739,0.000519372342015901427,8.86398027413403761e-05,0.0130414368646995862
3,mm,0.30198985650876492,158.865646944856309,0.00049251805740468035,0.000514051020594569197,8.20909813763973236e-05,0.0130414368646995862
3,mm,0.30198985650876492,171.539179718178843,0.000490968909041731585,0.000509444764827286529,7.60259952631534854e-05,0.0130414368646995862
3,mm,0.30198985650876492,185.223745625758681,0.000489630289671255962,0.000505462517188357821,7.0409098037837366e-05,0.0130414368646995862
3,mm,0.30198985650876492,200,0.000488473653736592106,0.000502023621657619033,6.52071843234974384e-05,0.0130414368646995862
3,mm,0.30198985650876492,215.95503246554199,0.000487474242392887285,0.000499056919168085504,6.03895946105372205e-05,0.0130414368646995862
3,mm,0.30198985650876492,233.182880235966337,0.000486610607438319322,0.00049649985301518059,5.5927934552924131e-05,0.0130414368646995862
3,mm,0.30198985650876492,251.785082358833506,0.000485864188021338484,0.00049429760363634619,5.17959076150244251e-05,0.0130414368646995862
3,mm,0.30198985650876492,271.871278175705072,0.00048521893615668726,0.000492402267057055038,4.79691600827028997e-05,0.0130414368646995862
3,mm,0.30198985650876492,293.559853524413995,0.000484660986839725969,0.000490772086671084368,4.44251375251992592e-05,0.0130414368646995862
3,mm,0.30198985650876492,316.978638492222672,0.000484178368511274649,0.00048937074407780039,4.11429518617842309e-05,0.0130414368646995862
3,mm,0.30198985650876492,342.265660832356161,0.00048376074973308222,0.000488166711504286533,3.81032582496997326e-05,0.0130414368646995862
3,mm,0.30198985650876492,369.569959484458138,0.000483399218138899818,0.000487132665874543801,3.52881410677748981e-05,0.0130414368646995862
3,mm,0.30198985650876492,399.052462993775976,0.000483086087990798705,0.000486244962778799598,3.26810083237170693e-05,0.0130414368646995862
3,mm,0.30198985650876492,430.886938006376624,0.000482814732967028139,0.000485483167345418976,3.02664938627273427e-05,0.0130414368646995862
3,mm,0.30198985650876492,465.261013430725257,0.000482579441116197242,0.000484829638221835775,2.80303668010669312e-05,0.0130414368646995862
3,mm,0.30198985650876492,502.377286301915888,0.000482375289218769107,0.000484269160430248684,2.59594476507876033e-05,0.0130414368646995862
3,mm,0.30198985650876492,542.454515866405586,0.000482198034091336667,0.000483788622690774781,2.40415306412733763e-05,0.0130414368646995862
3,mm,0.30198985650876492,585.728912925047098,0.000482044018645964975,0.000483376734825329316,2.22653117797654956e-05,0.0130414368646995862
3,mm,0.30198985650876492,632.455532033675809,0.000481910090772682555,0.000483023781009801929,2.06203222268674309e-05,0.0130414368646995862
3,mm,0.30198985650876492,682.909774766720602,0.000481793533346472781,0.000482721404883187228,1.9096866594352313e-05,0.0130414368646995862
3,mm,0.30198985650876492,737.389012903915045,0.000481692003870638926,0.00048246242281453286,1.76859658016067472e-05,0.0130414368646995862
3,mm,0.30198985650876492,796.214341106994652,0.000481603482456819548,0.000482240661945600808,1.63793041539133456e-05,0.0130414368646995862
3,mm,0.30198985650876492,859.732469416455274,0.000481526227009409342,0.000482050819950238709,1.51691803306568893e-05,0.0130414368646995862
3,mm,0.30198985650876492,928.31776672255603,0.000481458734630180836,0.000481888343767730568,1.40484619945842243e-05,0.0130414368646995862
3,mm,0.30198985650876492,1002.37446725454447,0.000481399708389166204,0.000481749324868441188,1.30105437545899715e-05,0.0130414368646995862
3,mm,0.30198985650876492,1082.33905309292754,0.000481348028722041008,0.000481630408890800811,1.20493082342648647e-05,0.0130414368646995862
3,mm,0.30198985650876492,1168.68282674703505,0.000481302728814016212,0.00048152871774643103,1.11590900167491013e-05,0.0130414368646995862
3,mm,0.30198985650876492,1261.91468896038668,0.000481262973417181266,0.000481441782524025274,1.033464225338638e-05,0.0130414368646995862
3,mm,0.30198985650876492,1362.58413811592209,0.000481228040623826183,0.000481367485732666343,9.57110573937228062e-06,0.0130414368646995862
3,mm,0.30198985650876492,1471.28450891928287,0.00048119730618385886,0.000481304011612557594,8.86398027413359275e-06,0.0130414368646995862
3,mm,0.30198985650876492,1588.6564694485628,0.000481170230011259662,0.000481249803407071122,8.2090981376392814e-06,0.0130414368646995862
3,mm,0.30198985650876492,1715.39179718178821,0.000481146344573680032,0.000481203526636277156,7.60259952631491334e-06,0.0130414368646995862
3,mm,0.30198985650876492,1852.23745625758647,0.000481125244901774477,0.000481164037540475736,7.04090980378328767e-06,0.0130414368646995862
3,mm,0.30198985650876492,2000,0.000481106579991536702,0.000481130355974513074,6.52071843234929441e-06,0.0130414368646995862
